2026-05-27 10:45:43 - root - INFO - Logging to file: trading_bot.log
2026-05-27 10:45:43 - __main__ - INFO - ============================================================
2026-05-27 10:45:43 - __main__ - INFO - 🚀 Starting Binance Trading Bot - 2026-05-27 10:45:43
2026-05-27 10:45:43 - __main__ - INFO - 📊 Symbol: BTCUSDT
2026-05-27 10:45:43 - __main__ - INFO - 💰 Total Capital: $1300.0
2026-05-27 10:45:43 - __main__ - INFO - 🎯 Base Position: $100.0
2026-05-27 10:45:43 - __main__ - INFO - 🧪 Testnet Mode: True
2026-05-27 10:45:43 - __main__ - INFO - ============================================================
2026-05-27 10:45:44 - binance_client.rest_client - INFO - Binance client initialized. Testnet mode: True
2026-05-27 10:45:44 - binance_client.rest_client - INFO - API connection successful
2026-05-27 10:45:45 - binance_client.rest_client - INFO - Account verified successfully
2026-05-27 10:45:45 - __main__ - INFO - Step size: 1e-05, Min quantity: 1e-05
2026-05-27 10:45:45 - __main__ - INFO - Tick size: 0.01
2026-05-27 10:45:45 - __main__ - INFO - ✅ Connected to Binance. Current price: $75618.9000
2026-05-27 10:45:45 - binance_client.rest_client - INFO - USDT balance: 9384.3756234
2026-05-27 10:45:45 - __main__ - INFO - 💰 Account USDT Balance: $9384.3756
2026-05-27 10:45:45 - trading.strategy - INFO - 🎯 Reference price set to $75618.90
2026-05-27 10:45:46 - binance_client.rest_client - INFO - Binance client initialized. Testnet mode: True
2026-05-27 10:45:46 - binance_client.rest_client - INFO - API connection successful
2026-05-27 10:45:46 - binance_client.rest_client - INFO - Account verified successfully
2026-05-27 10:45:46 - binance_client.price_poller - INFO - Price poller initialized for BTCUSDT (interval: 1.0s)
2026-05-27 10:45:46 - __main__ - INFO - ✅ Bot initialized successfully
2026-05-27 10:45:46 - __main__ - INFO - 📡 Using REST API polling for price data (interval: 1s)
2026-05-27 10:45:46 - __main__ - INFO - 🔧 Precision: Step=1e-05, Tick=0.01, MinQty=1e-05, MinNotional=$10.0
2026-05-27 10:45:46 - __main__ - INFO - ✅ PID saved to bot.pid: 10792
2026-05-27 10:45:46 - __main__ - INFO - Bot started. Waiting for price updates...
2026-05-27 10:45:46 - binance_client.price_poller - INFO - ✅ Price poller started for BTCUSDT
2026-05-27 10:48:02 - __main__ - INFO - 🛑 Stopping bot...
2026-05-27 10:48:03 - binance_client.price_poller - INFO - Price poller stopped
2026-05-27 10:48:03 - __main__ - INFO - ✅ PID file removed: bot.pid
2026-05-27 10:48:03 - __main__ - INFO - ⏱️ Runtime: 0:02:16.928567
2026-05-27 10:48:03 - __main__ - INFO - 📊 Total price updates: 120
2026-05-27 10:48:03 - __main__ - INFO - ⚡ Total signals: 0
2026-06-01 20:50:49 - root - INFO - Logging to file: trading_bot.log
2026-06-01 20:50:49 - __main__ - INFO - ============================================================
2026-06-01 20:50:49 - __main__ - INFO - 🚀 Starting Binance Trading Bot - 2026-06-01 20:50:49
2026-06-01 20:50:49 - __main__ - INFO - 📊 Symbol: BTCUSDT
2026-06-01 20:50:49 - __main__ - INFO - 💰 Total Capital: $1300.0
2026-06-01 20:50:49 - __main__ - INFO - 🎯 Base Position: $100.0
2026-06-01 20:50:49 - __main__ - INFO - 🧪 Testnet Mode: True
2026-06-01 20:50:49 - __main__ - INFO - ============================================================
2026-06-01 20:50:50 - binance_client.rest_client - INFO - Binance client initialized. Testnet mode: True
2026-06-01 20:50:50 - binance_client.rest_client - INFO - API connection successful
2026-06-01 20:50:50 - binance_client.rest_client - INFO - Account verified successfully
2026-06-01 20:50:51 - __main__ - INFO - Step size: 1e-05, Min quantity: 1e-05
2026-06-01 20:50:51 - __main__ - INFO - Tick size: 0.01
2026-06-01 20:50:51 - __main__ - INFO - ✅ Connected to Binance. Current price: $71310.9300
2026-06-01 20:50:51 - binance_client.rest_client - INFO - USDT balance: 9384.3756234
2026-06-01 20:50:51 - __main__ - INFO - 💰 Account USDT Balance: $9384.3756
2026-06-01 20:50:51 - trading.strategy - INFO - 🎯 Reference price set to $71310.93
2026-06-01 20:50:51 - binance_client.rest_client - INFO - Binance client initialized. Testnet mode: True
2026-06-01 20:50:52 - binance_client.rest_client - INFO - API connection successful
2026-06-01 20:50:52 - binance_client.rest_client - INFO - Account verified successfully
2026-06-01 20:50:52 - binance_client.price_poller - INFO - Price poller initialized for BTCUSDT (interval: 1.0s)
2026-06-01 20:50:52 - __main__ - INFO - ✅ Bot initialized successfully
2026-06-01 20:50:52 - __main__ - INFO - 📡 Using REST API polling for price data (interval: 1s)
2026-06-01 20:50:52 - __main__ - INFO - 🔧 Precision: Step=1e-05, Tick=0.01, MinQty=1e-05, MinNotional=$10.0
2026-06-01 20:50:52 - __main__ - INFO - ✅ PID saved to bot.pid: 12376
2026-06-01 20:50:52 - __main__ - INFO - Bot started. Waiting for price updates...
2026-06-01 20:50:52 - binance_client.price_poller - INFO - ✅ Price poller started for BTCUSDT
2026-06-01 22:58:16 - trading.strategy - INFO - 📉 DUMP SIGNAL: Level 1 - Drop: 3.37% (Threshold: 2.0%)
2026-06-01 22:58:16 - trading.strategy - INFO -    Reference: $71310.93 → Current: $68906.65
2026-06-01 22:58:16 - __main__ - INFO - [32m🔔 BUY SIGNAL DETECTED - Level 1 @ $68906.6500[0m
2026-06-01 22:58:16 - binance_client.rest_client - INFO - USDT balance: 9384.3756234
2026-06-01 22:58:16 - __main__ - INFO - 💰 Attempting BUY: 0.00145000 BTCUSDT @ $68906.6500
2026-06-01 22:58:16 - binance_client.rest_client - INFO - USDT balance: 9384.3756234
2026-06-01 22:58:16 - trading.strategy - INFO - 💰 Executing BUY Level 1:
2026-06-01 22:58:16 - trading.strategy - INFO -    Amount: $99.91
2026-06-01 22:58:16 - trading.strategy - INFO -    Price: $68906.65
2026-06-01 22:58:16 - trading.strategy - INFO -    Quantity: 0.00145000
2026-06-01 22:58:16 - trading.strategy - INFO -    Order Value: $99.91
2026-06-01 22:58:16 - binance_client.rest_client - INFO - Market order executed: BUY 0.00145 BTCUSDT
2026-06-01 22:58:16 - trading.strategy - INFO - ✅ BUY EXECUTED: Level 1 - 0.00145000 BTCUSDT @ $68906.65
2026-06-01 22:58:16 - trading.strategy - INFO -    Position: 0.00145000 tokens @ $68906.65 avg
2026-06-01 22:58:16 - binance_client.rest_client - INFO - USDT balance: 9282.2260824
2026-06-01 22:58:21 - trading.strategy - INFO - 📈 SPIKE SIGNAL: Level 1 - Spike: 2.23% (Threshold: 2.0%)
2026-06-01 22:58:21 - trading.strategy - INFO -    Avg Cost: $68906.65 → Current: $70440.66
2026-06-01 22:58:21 - __main__ - INFO - [33m🔔 SELL SIGNAL DETECTED - Level 1 @ $70440.6600[0m
2026-06-01 22:58:21 - __main__ - INFO - 💰 Attempting SELL: 0.00036000 BTCUSDT @ $70440.6600
2026-06-01 22:58:21 - trading.strategy - INFO - 💰 Executing SELL Level 1:
2026-06-01 22:58:21 - trading.strategy - INFO -    Percentage: 25.0% of position
2026-06-01 22:58:21 - trading.strategy - INFO -    Quantity: 0.00036000
2026-06-01 22:58:21 - trading.strategy - INFO -    Price: $70440.66
2026-06-01 22:58:21 - trading.strategy - INFO -    Expected Profit: $0.55
2026-06-01 22:58:21 - binance_client.rest_client - INFO - Market order executed: SELL 0.00036 BTCUSDT
2026-06-01 22:58:21 - trading.strategy - INFO - ✅ SELL EXECUTED: Level 1 - 0.00036000 BTCUSDT @ $70440.66
2026-06-01 22:58:21 - trading.strategy - INFO -    Profit on this sale: $0.55
2026-06-01 22:58:21 - binance_client.rest_client - INFO - USDT balance: 9307.4359608
2026-06-01 22:58:25 - trading.strategy - INFO - 📉 DUMP SIGNAL: Level 2 - Drop: 4.63% (Threshold: 4.0%)
2026-06-01 22:58:25 - trading.strategy - INFO -    Reference: $71310.93 → Current: $68012.64
2026-06-01 22:58:25 - __main__ - INFO - [32m🔔 BUY SIGNAL DETECTED - Level 2 @ $68012.6400[0m
2026-06-01 22:58:25 - binance_client.rest_client - INFO - USDT balance: 9307.4359608
2026-06-01 22:58:25 - __main__ - INFO - 💰 Attempting BUY: 0.00294000 BTCUSDT @ $68012.6400
2026-06-01 22:58:25 - binance_client.rest_client - INFO - USDT balance: 9307.4359608
2026-06-01 22:58:25 - trading.strategy - INFO - 💰 Executing BUY Level 2:
2026-06-01 22:58:25 - trading.strategy - INFO -    Amount: $199.96
2026-06-01 22:58:25 - trading.strategy - INFO -    Price: $68012.64
2026-06-01 22:58:25 - trading.strategy - INFO -    Quantity: 0.00294000
2026-06-01 22:58:25 - trading.strategy - INFO -    Order Value: $199.96
2026-06-01 22:58:25 - binance_client.rest_client - INFO - Market order executed: BUY 0.00294 BTCUSDT
2026-06-01 22:58:25 - trading.strategy - INFO - ✅ BUY EXECUTED: Level 2 - 0.00294000 BTCUSDT @ $68012.64
2026-06-01 22:58:25 - trading.strategy - INFO -    Position: 0.00403000 tokens @ $68254.44 avg
2026-06-01 22:58:25 - binance_client.rest_client - INFO - USDT balance: 9097.0604388
2026-06-01 22:58:26 - trading.strategy - INFO - 📈 SPIKE SIGNAL: Level 2 - Spike: 4.84% (Threshold: 4.0%)
2026-06-01 22:58:26 - trading.strategy - INFO -    Avg Cost: $68254.44 → Current: $71556.30
2026-06-01 22:58:26 - __main__ - INFO - [33m🔔 SELL SIGNAL DETECTED - Level 2 @ $71556.3000[0m
2026-06-01 22:58:26 - __main__ - INFO - 💰 Attempting SELL: 0.00100000 BTCUSDT @ $71556.3000
2026-06-01 22:58:26 - trading.strategy - INFO - 💰 Executing SELL Level 2:
2026-06-01 22:58:26 - trading.strategy - INFO -    Percentage: 25.0% of position
2026-06-01 22:58:26 - trading.strategy - INFO -    Quantity: 0.00100000
2026-06-01 22:58:26 - trading.strategy - INFO -    Price: $71556.30
2026-06-01 22:58:26 - trading.strategy - INFO -    Expected Profit: $3.30
2026-06-01 22:58:27 - binance_client.rest_client - INFO - Market order executed: SELL 0.001 BTCUSDT
2026-06-01 22:58:27 - trading.strategy - INFO - ✅ SELL EXECUTED: Level 2 - 0.00100000 BTCUSDT @ $71556.30
2026-06-01 22:58:27 - trading.strategy - INFO -    Profit on this sale: $3.30
2026-06-01 22:58:27 - binance_client.rest_client - INFO - USDT balance: 9168.6167288
2026-06-02 00:01:40 - trading.risk_manager - INFO - New day detected. Resetting daily counters.
2026-06-14 16:26:04 - root - INFO - Logging to file: trading_bot.log
2026-06-14 16:26:04 - __main__ - INFO - ============================================================
2026-06-14 16:26:04 - __main__ - INFO - 🚀 Starting Binance Trading Bot - 2026-06-14 16:26:04
2026-06-14 16:26:04 - __main__ - INFO - 📊 Symbol: BTCUSDT
2026-06-14 16:26:04 - __main__ - INFO - 💰 Total Capital: $1300.0
2026-06-14 16:26:04 - __main__ - INFO - 🎯 Base Position: $100.0
2026-06-14 16:26:04 - __main__ - INFO - 🧪 Testnet Mode: True
2026-06-14 16:26:04 - __main__ - INFO - ============================================================
2026-06-14 16:26:04 - binance_client.rest_client - INFO - Binance client initialized. Testnet mode: True
2026-06-14 16:26:05 - binance_client.rest_client - INFO - API connection successful
2026-06-14 16:26:05 - binance_client.rest_client - INFO - Account verified successfully
2026-06-14 16:26:05 - __main__ - INFO - Step size: 1e-05, Min quantity: 1e-05
2026-06-14 16:26:05 - __main__ - INFO - Tick size: 0.01
2026-06-14 16:26:05 - __main__ - INFO - ✅ Connected to Binance. Current price: $64547.2200
2026-06-14 16:26:06 - binance_client.rest_client - INFO - USDT balance: 10000.0
2026-06-14 16:26:06 - __main__ - INFO - 💰 Account USDT Balance: $10000.0000
2026-06-14 16:26:06 - trading.strategy - INFO - 🎯 Reference price set to $64547.22
2026-06-14 16:26:06 - binance_client.rest_client - INFO - Binance client initialized. Testnet mode: True
2026-06-14 16:26:07 - binance_client.rest_client - INFO - API connection successful
2026-06-14 16:26:07 - binance_client.rest_client - INFO - Account verified successfully
2026-06-14 16:26:07 - binance_client.price_poller - INFO - Price poller initialized for BTCUSDT (interval: 1.0s)
2026-06-14 16:26:07 - __main__ - INFO - ✅ Bot initialized successfully
2026-06-14 16:26:07 - __main__ - INFO - 📡 Using REST API polling for price data (interval: 1s)
2026-06-14 16:26:07 - __main__ - INFO - 🔧 Precision: Step=1e-05, Tick=0.01, MinQty=1e-05, MinNotional=$10.0
2026-06-14 16:26:07 - __main__ - INFO - ✅ PID saved to bot.pid: 10784
2026-06-14 16:26:07 - __main__ - INFO - Bot started. Waiting for price updates...
2026-06-14 16:26:07 - binance_client.price_poller - INFO - ✅ Price poller started for BTCUSDT
2026-06-14 16:32:17 - __main__ - INFO - 🛑 Stopping bot...
2026-06-14 16:32:18 - binance_client.price_poller - INFO - Price poller stopped
2026-06-14 16:32:18 - __main__ - INFO - ✅ PID file removed: bot.pid
2026-06-14 16:32:18 - __main__ - INFO - ⏱️ Runtime: 0:06:10.544186
2026-06-14 16:32:18 - __main__ - INFO - 📊 Total price updates: 321
2026-06-14 16:32:18 - __main__ - INFO - ⚡ Total signals: 0
2026-06-14 19:59:42 - root - INFO - Logging to file: trading_bot.log
2026-06-14 19:59:42 - __main__ - INFO - ============================================================
2026-06-14 19:59:42 - __main__ - INFO - 🚀 Starting Binance Trading Bot - 2026-06-14 19:59:42
2026-06-14 19:59:42 - __main__ - INFO - 📊 Symbol: BTCUSDT
2026-06-14 19:59:42 - __main__ - INFO - 💰 Total Capital: $1300.0
2026-06-14 19:59:42 - __main__ - INFO - 🎯 Base Position: $100.0
2026-06-14 19:59:42 - __main__ - INFO - 🧪 Testnet Mode: True
2026-06-14 19:59:42 - __main__ - INFO - ============================================================
2026-06-14 19:59:42 - binance_client.rest_client - INFO - Binance client initialized. Testnet mode: True
2026-06-14 19:59:43 - binance_client.rest_client - INFO - API connection successful
2026-06-14 19:59:43 - binance_client.rest_client - INFO - Account verified successfully
2026-06-14 19:59:43 - __main__ - INFO - Step size: 1e-05, Min quantity: 1e-05
2026-06-14 19:59:43 - __main__ - INFO - Tick size: 0.01
2026-06-14 19:59:43 - __main__ - INFO - ✅ Connected to Binance. Current price: $64183.8700
2026-06-14 19:59:43 - binance_client.rest_client - INFO - USDT balance: 10000.0
2026-06-14 19:59:43 - __main__ - INFO - 💰 Account USDT Balance: $10000.0000
2026-06-14 19:59:44 - trading.strategy - INFO - 🎯 Reference price set to $64183.86
2026-06-14 19:59:44 - binance_client.rest_client - INFO - Binance client initialized. Testnet mode: True
2026-06-14 19:59:45 - binance_client.rest_client - INFO - API connection successful
2026-06-14 19:59:45 - binance_client.rest_client - INFO - Account verified successfully
2026-06-14 19:59:45 - binance_client.price_poller - INFO - Price poller initialized for BTCUSDT (interval: 1.0s)
2026-06-14 19:59:45 - __main__ - INFO - ✅ Bot initialized successfully
2026-06-14 19:59:45 - __main__ - INFO - 📡 Using REST API polling for price data (interval: 1s)
2026-06-14 19:59:45 - __main__ - INFO - 🔧 Precision: Step=1e-05, Tick=0.01, MinQty=1e-05, MinNotional=$10.0
2026-06-14 19:59:45 - __main__ - INFO - ✅ PID saved to bot.pid: 8944
2026-06-14 19:59:45 - __main__ - INFO - Bot started. Waiting for price updates...
2026-06-14 20:21:56 - root - INFO - Logging to file: trading_bot.log
2026-06-14 20:21:56 - __main__ - INFO - ============================================================
2026-06-14 20:21:56 - __main__ - INFO - 🚀 Starting Binance Trading Bot - 2026-06-14 20:21:56
2026-06-14 20:21:56 - __main__ - INFO - 📊 Symbol: BTCUSDT
2026-06-14 20:21:56 - __main__ - INFO - 💰 Total Capital: $1300.0
2026-06-14 20:21:56 - __main__ - INFO - 🎯 Base Position: $100.0
2026-06-14 20:21:56 - __main__ - INFO - 🧪 Testnet Mode: True
2026-06-14 20:21:56 - __main__ - INFO - ============================================================
2026-06-14 20:21:56 - binance_client.rest_client - INFO - Binance client initialized. Testnet mode: True
2026-06-14 20:21:57 - binance_client.rest_client - INFO - API connection successful
2026-06-14 20:21:57 - binance_client.rest_client - INFO - Account verified successfully
2026-06-14 20:21:57 - __main__ - INFO - Step size: 1e-05, Min quantity: 1e-05
2026-06-14 20:21:57 - __main__ - INFO - Tick size: 0.01
2026-06-14 20:21:57 - __main__ - INFO - ✅ Connected to Binance. Current price: $63894.0500
2026-06-14 20:21:57 - binance_client.rest_client - INFO - USDT balance: 10000.0
2026-06-14 20:21:57 - __main__ - INFO - 💰 Account USDT Balance: $10000.0000
2026-06-14 20:21:58 - trading.strategy - INFO - 🎯 Reference price set to $63894.05
2026-06-14 20:21:58 - binance_client.rest_client - INFO - Binance client initialized. Testnet mode: True
2026-06-14 20:21:59 - binance_client.rest_client - INFO - API connection successful
2026-06-14 20:21:59 - binance_client.rest_client - INFO - Account verified successfully
2026-06-14 20:21:59 - binance_client.price_poller - INFO - Price poller initialized for BTCUSDT (interval: 1.0s)
2026-06-14 20:21:59 - __main__ - INFO - ✅ Bot initialized successfully
2026-06-14 20:21:59 - __main__ - INFO - 📡 Using REST API polling for price data (interval: 1s)
2026-06-14 20:21:59 - __main__ - INFO - 🔧 Precision: Step=1e-05, Tick=0.01, MinQty=1e-05, MinNotional=$10.0
2026-06-14 20:21:59 - __main__ - INFO - ✅ PID saved to bot.pid: 4488
2026-06-14 20:21:59 - __main__ - INFO - Bot started. Waiting for price updates...
2026-06-14 20:22:21 - root - INFO - Logging to file: trading_bot.log
2026-06-14 20:22:21 - __main__ - INFO - ============================================================
2026-06-14 20:22:21 - __main__ - INFO - 🚀 Starting Binance Trading Bot - 2026-06-14 20:22:21
2026-06-14 20:22:21 - __main__ - INFO - 📊 Symbol: BTCUSDT
2026-06-14 20:22:21 - __main__ - INFO - 💰 Total Capital: $1300.0
2026-06-14 20:22:21 - __main__ - INFO - 🎯 Base Position: $100.0
2026-06-14 20:22:21 - __main__ - INFO - 🧪 Testnet Mode: True
2026-06-14 20:22:21 - __main__ - INFO - ============================================================
2026-06-14 20:22:21 - binance_client.rest_client - INFO - Binance client initialized. Testnet mode: True
2026-06-14 20:22:22 - binance_client.rest_client - INFO - API connection successful
2026-06-14 20:22:22 - binance_client.rest_client - INFO - Account verified successfully
2026-06-14 20:22:22 - __main__ - INFO - Step size: 1e-05, Min quantity: 1e-05
2026-06-14 20:22:22 - __main__ - INFO - Tick size: 0.01
2026-06-14 20:22:22 - __main__ - INFO - ✅ Connected to Binance. Current price: $63871.2900
2026-06-14 20:22:23 - binance_client.rest_client - INFO - USDT balance: 10000.0
2026-06-14 20:22:23 - __main__ - INFO - 💰 Account USDT Balance: $10000.0000
2026-06-14 20:22:23 - trading.strategy - INFO - 🎯 Reference price set to $63871.29
2026-06-14 20:22:23 - binance_client.rest_client - INFO - Binance client initialized. Testnet mode: True
2026-06-14 20:22:24 - binance_client.rest_client - INFO - API connection successful
2026-06-14 20:22:24 - binance_client.rest_client - INFO - Account verified successfully
2026-06-14 20:22:24 - binance_client.price_poller - INFO - Price poller initialized for BTCUSDT (interval: 1.0s)
2026-06-14 20:22:24 - __main__ - INFO - ✅ Bot initialized successfully
2026-06-14 20:22:24 - __main__ - INFO - 📡 Using REST API polling for price data (interval: 1s)
2026-06-14 20:22:24 - __main__ - INFO - 🔧 Precision: Step=1e-05, Tick=0.01, MinQty=1e-05, MinNotional=$10.0
2026-06-14 20:22:24 - __main__ - INFO - ✅ PID saved to bot.pid: 1476
2026-06-14 20:22:24 - __main__ - INFO - Bot started. Waiting for price updates...
2026-06-14 20:23:07 - root - INFO - Logging to file: trading_bot.log
2026-06-14 20:23:07 - __main__ - INFO - ============================================================
2026-06-14 20:23:07 - __main__ - INFO - 🚀 Starting Binance Trading Bot - 2026-06-14 20:23:07
2026-06-14 20:23:07 - __main__ - INFO - 📊 Symbol: BTCUSDT
2026-06-14 20:23:07 - __main__ - INFO - 💰 Total Capital: $1300.0
2026-06-14 20:23:07 - __main__ - INFO - 🎯 Base Position: $100.0
2026-06-14 20:23:07 - __main__ - INFO - 🧪 Testnet Mode: True
2026-06-14 20:23:07 - __main__ - INFO - ============================================================
2026-06-14 20:23:07 - binance_client.rest_client - INFO - Binance client initialized. Testnet mode: True
2026-06-14 20:23:08 - binance_client.rest_client - INFO - API connection successful
2026-06-14 20:23:08 - binance_client.rest_client - INFO - Account verified successfully
2026-06-14 20:23:08 - __main__ - INFO - Step size: 1e-05, Min quantity: 1e-05
2026-06-14 20:23:08 - __main__ - INFO - Tick size: 0.01
2026-06-14 20:23:08 - __main__ - INFO - ✅ Connected to Binance. Current price: $63932.1300
2026-06-14 20:23:08 - binance_client.rest_client - INFO - USDT balance: 10000.0
2026-06-14 20:23:08 - __main__ - INFO - 💰 Account USDT Balance: $10000.0000
2026-06-14 20:23:08 - trading.strategy - INFO - 🎯 Reference price set to $63932.13
2026-06-14 20:23:09 - binance_client.rest_client - INFO - Binance client initialized. Testnet mode: True
2026-06-14 20:23:09 - binance_client.rest_client - INFO - API connection successful
2026-06-14 20:23:10 - binance_client.rest_client - INFO - Account verified successfully
2026-06-14 20:23:10 - binance_client.price_poller - INFO - Price poller initialized for BTCUSDT (interval: 1.0s)
2026-06-14 20:23:10 - __main__ - INFO - ✅ Bot initialized successfully
2026-06-14 20:23:10 - __main__ - INFO - 📡 Using REST API polling for price data (interval: 1s)
2026-06-14 20:23:10 - __main__ - INFO - 🔧 Precision: Step=1e-05, Tick=0.01, MinQty=1e-05, MinNotional=$10.0
2026-06-14 20:23:10 - __main__ - INFO - ✅ PID saved to bot.pid: 10952
2026-06-14 20:23:10 - __main__ - INFO - Bot started. Waiting for price updates...
2026-06-14 20:28:17 - root - INFO - Logging to file: trading_bot.log
2026-06-14 20:28:17 - __main__ - INFO - ============================================================
2026-06-14 20:28:17 - __main__ - INFO - 🚀 Starting Binance Trading Bot - 2026-06-14 20:28:17
2026-06-14 20:28:17 - __main__ - INFO - 📊 Symbol: BTCUSDT
2026-06-14 20:28:17 - __main__ - INFO - 💰 Total Capital: $1300.0
2026-06-14 20:28:17 - __main__ - INFO - 🎯 Base Position: $100.0
2026-06-14 20:28:17 - __main__ - INFO - 🧪 Testnet Mode: True
2026-06-14 20:28:17 - __main__ - INFO - ============================================================
2026-06-14 20:28:17 - root - INFO - Logging to file: trading_bot.log
2026-06-14 20:28:17 - __main__ - INFO - ============================================================
2026-06-14 20:28:17 - __main__ - INFO - 🚀 Starting Binance Trading Bot - 2026-06-14 20:28:17
2026-06-14 20:28:17 - __main__ - INFO - 📊 Symbol: BTCUSDT
2026-06-14 20:28:17 - __main__ - INFO - 💰 Total Capital: $1300.0
2026-06-14 20:28:17 - __main__ - INFO - 🎯 Base Position: $100.0
2026-06-14 20:28:17 - __main__ - INFO - 🧪 Testnet Mode: True
2026-06-14 20:28:17 - __main__ - INFO - ============================================================
2026-06-14 20:28:18 - binance_client.rest_client - INFO - Binance client initialized. Testnet mode: True
2026-06-14 20:28:18 - binance_client.rest_client - INFO - Binance client initialized. Testnet mode: True
2026-06-14 20:28:18 - binance_client.rest_client - INFO - API connection successful
2026-06-14 20:28:18 - binance_client.rest_client - INFO - API connection successful
2026-06-14 20:28:19 - binance_client.rest_client - INFO - Account verified successfully
2026-06-14 20:28:19 - binance_client.rest_client - INFO - Account verified successfully
2026-06-14 20:28:19 - __main__ - INFO - Step size: 1e-05, Min quantity: 1e-05
2026-06-14 20:28:19 - __main__ - INFO - Tick size: 0.01
2026-06-14 20:28:19 - __main__ - INFO - Step size: 1e-05, Min quantity: 1e-05
2026-06-14 20:28:19 - __main__ - INFO - Tick size: 0.01
2026-06-14 20:28:19 - __main__ - INFO - ✅ Connected to Binance. Current price: $63948.8400
2026-06-14 20:28:19 - __main__ - INFO - ✅ Connected to Binance. Current price: $63948.8400
2026-06-14 20:28:19 - binance_client.rest_client - INFO - USDT balance: 10000.0
2026-06-14 20:28:19 - __main__ - INFO - 💰 Account USDT Balance: $10000.0000
2026-06-14 20:28:19 - binance_client.rest_client - INFO - USDT balance: 10000.0
2026-06-14 20:28:19 - __main__ - INFO - 💰 Account USDT Balance: $10000.0000
2026-06-14 20:28:19 - trading.strategy - INFO - 🎯 Reference price set to $63948.84
2026-06-14 20:28:19 - trading.strategy - INFO - 🎯 Reference price set to $63948.84
2026-06-14 20:28:20 - binance_client.rest_client - INFO - Binance client initialized. Testnet mode: True
2026-06-14 20:28:20 - binance_client.rest_client - INFO - Binance client initialized. Testnet mode: True
2026-06-14 20:28:20 - binance_client.rest_client - INFO - API connection successful
2026-06-14 20:28:20 - binance_client.rest_client - INFO - Account verified successfully
2026-06-14 20:28:20 - binance_client.price_poller - INFO - Price poller initialized for BTCUSDT (interval: 1.0s)
2026-06-14 20:28:20 - __main__ - INFO - ✅ Bot initialized successfully
2026-06-14 20:28:20 - __main__ - INFO - 📡 Using REST API polling for price data (interval: 1s)
2026-06-14 20:28:20 - __main__ - INFO - 🔧 Precision: Step=1e-05, Tick=0.01, MinQty=1e-05, MinNotional=$10.0
2026-06-14 20:28:20 - __main__ - INFO - ✅ PID saved to bot.pid: 5572
2026-06-14 20:28:20 - __main__ - INFO - Bot started. Waiting for price updates...
2026-06-14 20:28:20 - binance_client.rest_client - INFO - API connection successful
2026-06-14 20:28:21 - binance_client.rest_client - INFO - Account verified successfully
2026-06-14 20:28:21 - binance_client.price_poller - INFO - Price poller initialized for BTCUSDT (interval: 1.0s)
2026-06-14 20:28:21 - __main__ - INFO - ✅ Bot initialized successfully
2026-06-14 20:28:21 - __main__ - INFO - 📡 Using REST API polling for price data (interval: 1s)
2026-06-14 20:28:21 - __main__ - INFO - 🔧 Precision: Step=1e-05, Tick=0.01, MinQty=1e-05, MinNotional=$10.0
2026-06-14 20:28:21 - __main__ - INFO - ✅ PID saved to bot.pid: 308
2026-06-14 20:28:21 - __main__ - INFO - Bot started. Waiting for price updates...
2026-06-14 20:33:55 - root - INFO - Logging to file: trading_bot.log
2026-06-14 20:33:55 - __main__ - INFO - ============================================================
2026-06-14 20:33:55 - __main__ - INFO - 🚀 Starting Binance Trading Bot - 2026-06-14 20:33:55
2026-06-14 20:33:55 - __main__ - INFO - 📊 Symbol: BTCUSDT
2026-06-14 20:33:55 - __main__ - INFO - 💰 Total Capital: $1300.0
2026-06-14 20:33:55 - __main__ - INFO - 🎯 Base Position: $100.0
2026-06-14 20:33:55 - __main__ - INFO - 🧪 Testnet Mode: True
2026-06-14 20:33:55 - __main__ - INFO - ============================================================
2026-06-14 20:33:56 - binance_client.rest_client - INFO - Binance client initialized. Testnet mode: True
2026-06-14 20:33:56 - binance_client.rest_client - INFO - API connection successful
2026-06-14 20:33:56 - binance_client.rest_client - INFO - Account verified successfully
2026-06-14 20:33:57 - __main__ - INFO - Step size: 1e-05, Min quantity: 1e-05
2026-06-14 20:33:57 - __main__ - INFO - Tick size: 0.01
2026-06-14 20:33:57 - __main__ - INFO - ✅ Connected to Binance. Current price: $64127.4300
2026-06-14 20:33:57 - binance_client.rest_client - INFO - USDT balance: 10000.0
2026-06-14 20:33:57 - __main__ - INFO - 💰 Account USDT Balance: $10000.0000
2026-06-14 20:33:57 - trading.strategy - INFO - 🎯 Reference price set to $64127.43
2026-06-14 20:33:58 - binance_client.rest_client - INFO - Binance client initialized. Testnet mode: True
2026-06-14 20:33:59 - binance_client.rest_client - INFO - API connection successful
2026-06-14 20:33:59 - binance_client.rest_client - INFO - Account verified successfully
2026-06-14 20:33:59 - binance_client.price_poller - INFO - Price poller initialized for BTCUSDT (interval: 1.0s)
2026-06-14 20:33:59 - __main__ - INFO - ✅ Bot initialized successfully
2026-06-14 20:33:59 - __main__ - INFO - 📡 Using REST API polling for price data (interval: 1s)
2026-06-14 20:33:59 - __main__ - INFO - 🔧 Precision: Step=1e-05, Tick=0.01, MinQty=1e-05, MinNotional=$10.0
2026-06-14 20:33:59 - __main__ - INFO - ✅ PID saved to bot.pid: 9416
2026-06-14 20:33:59 - __main__ - INFO - Bot started. Waiting for price updates...
2026-06-14 20:34:17 - root - INFO - Logging to file: trading_bot.log
2026-06-14 20:34:17 - __main__ - INFO - ============================================================
2026-06-14 20:34:17 - __main__ - INFO - 🚀 Starting Binance Trading Bot - 2026-06-14 20:34:17
2026-06-14 20:34:17 - __main__ - INFO - 📊 Symbol: BTCUSDT
2026-06-14 20:34:17 - __main__ - INFO - 💰 Total Capital: $1300.0
2026-06-14 20:34:17 - __main__ - INFO - 🎯 Base Position: $100.0
2026-06-14 20:34:17 - __main__ - INFO - 🧪 Testnet Mode: True
2026-06-14 20:34:17 - __main__ - INFO - ============================================================
2026-06-14 20:34:18 - binance_client.rest_client - INFO - Binance client initialized. Testnet mode: True
2026-06-14 20:34:18 - binance_client.rest_client - INFO - API connection successful
2026-06-14 20:34:18 - binance_client.rest_client - INFO - Account verified successfully
2026-06-14 20:34:18 - __main__ - INFO - Step size: 1e-05, Min quantity: 1e-05
2026-06-14 20:34:18 - __main__ - INFO - Tick size: 0.01
2026-06-14 20:34:19 - __main__ - INFO - ✅ Connected to Binance. Current price: $64134.2700
2026-06-14 20:34:19 - binance_client.rest_client - INFO - USDT balance: 10000.0
2026-06-14 20:34:19 - __main__ - INFO - 💰 Account USDT Balance: $10000.0000
2026-06-14 20:34:19 - trading.strategy - INFO - 🎯 Reference price set to $64134.27
2026-06-14 20:34:19 - binance_client.rest_client - INFO - Binance client initialized. Testnet mode: True
2026-06-14 20:34:20 - binance_client.rest_client - INFO - API connection successful
2026-06-14 20:34:20 - binance_client.rest_client - INFO - Account verified successfully
2026-06-14 20:34:20 - binance_client.price_poller - INFO - Price poller initialized for BTCUSDT (interval: 1.0s)
2026-06-14 20:34:20 - __main__ - INFO - ✅ Bot initialized successfully
2026-06-14 20:34:20 - __main__ - INFO - 📡 Using REST API polling for price data (interval: 1s)
2026-06-14 20:34:20 - __main__ - INFO - 🔧 Precision: Step=1e-05, Tick=0.01, MinQty=1e-05, MinNotional=$10.0
2026-06-14 20:34:20 - __main__ - INFO - ✅ PID saved to bot.pid: 1908
2026-06-14 20:34:20 - __main__ - INFO - Bot started. Waiting for price updates...
2026-06-14 20:34:49 - root - INFO - Logging to file: trading_bot.log
2026-06-14 20:34:49 - __main__ - INFO - ============================================================
2026-06-14 20:34:49 - __main__ - INFO - 🚀 Starting Binance Trading Bot - 2026-06-14 20:34:49
2026-06-14 20:34:49 - __main__ - INFO - 📊 Symbol: BTCUSDT
2026-06-14 20:34:49 - __main__ - INFO - 💰 Total Capital: $1300.0
2026-06-14 20:34:49 - __main__ - INFO - 🎯 Base Position: $100.0
2026-06-14 20:34:49 - __main__ - INFO - 🧪 Testnet Mode: True
2026-06-14 20:34:49 - __main__ - INFO - ============================================================
2026-06-14 20:34:49 - binance_client.rest_client - INFO - Binance client initialized. Testnet mode: True
2026-06-14 20:34:50 - binance_client.rest_client - INFO - API connection successful
2026-06-14 20:34:50 - binance_client.rest_client - INFO - Account verified successfully
2026-06-14 20:34:50 - __main__ - INFO - Step size: 1e-05, Min quantity: 1e-05
2026-06-14 20:34:50 - __main__ - INFO - Tick size: 0.01
2026-06-14 20:34:50 - __main__ - INFO - ✅ Connected to Binance. Current price: $64128.8800
2026-06-14 20:34:51 - binance_client.rest_client - INFO - USDT balance: 10000.0
2026-06-14 20:34:51 - __main__ - INFO - 💰 Account USDT Balance: $10000.0000
2026-06-14 20:34:51 - trading.strategy - INFO - 🎯 Reference price set to $64128.88
2026-06-14 20:34:51 - binance_client.rest_client - INFO - Binance client initialized. Testnet mode: True
2026-06-14 20:34:52 - binance_client.rest_client - INFO - API connection successful
2026-06-14 20:34:52 - binance_client.rest_client - INFO - Account verified successfully
2026-06-14 20:34:52 - binance_client.price_poller - INFO - Price poller initialized for BTCUSDT (interval: 1.0s)
2026-06-14 20:34:52 - __main__ - INFO - ✅ Bot initialized successfully
2026-06-14 20:34:52 - __main__ - INFO - 📡 Using REST API polling for price data (interval: 1s)
2026-06-14 20:34:52 - __main__ - INFO - 🔧 Precision: Step=1e-05, Tick=0.01, MinQty=1e-05, MinNotional=$10.0
2026-06-14 20:34:52 - __main__ - INFO - ✅ PID saved to bot.pid: 9316
2026-06-14 20:34:52 - __main__ - INFO - Bot started. Waiting for price updates...
2026-06-14 20:36:39 - root - INFO - Logging to file: trading_bot.log
2026-06-14 20:36:39 - __main__ - INFO - ============================================================
2026-06-14 20:36:39 - __main__ - INFO - 🚀 Starting Binance Trading Bot - 2026-06-14 20:36:39
2026-06-14 20:36:39 - __main__ - INFO - 📊 Symbol: BTCUSDT
2026-06-14 20:36:39 - __main__ - INFO - 💰 Total Capital: $1300.0
2026-06-14 20:36:39 - __main__ - INFO - 🎯 Base Position: $100.0
2026-06-14 20:36:39 - __main__ - INFO - 🧪 Testnet Mode: True
2026-06-14 20:36:39 - __main__ - INFO - ============================================================
2026-06-14 20:36:39 - binance_client.rest_client - INFO - Binance client initialized. Testnet mode: True
2026-06-14 20:36:40 - binance_client.rest_client - INFO - API connection successful
2026-06-14 20:36:40 - binance_client.rest_client - INFO - Account verified successfully
2026-06-14 20:36:40 - __main__ - INFO - Step size: 1e-05, Min quantity: 1e-05
2026-06-14 20:36:40 - __main__ - INFO - Tick size: 0.01
2026-06-14 20:36:40 - __main__ - INFO - ✅ Connected to Binance. Current price: $64132.0200
2026-06-14 20:36:40 - binance_client.rest_client - INFO - USDT balance: 10000.0
2026-06-14 20:36:40 - __main__ - INFO - 💰 Account USDT Balance: $10000.0000
2026-06-14 20:36:41 - trading.strategy - INFO - 🎯 Reference price set to $64132.02
2026-06-14 20:36:41 - binance_client.rest_client - INFO - Binance client initialized. Testnet mode: True
2026-06-14 20:36:42 - binance_client.rest_client - INFO - API connection successful
2026-06-14 20:36:42 - binance_client.rest_client - INFO - Account verified successfully
2026-06-14 20:36:42 - binance_client.price_poller - INFO - Price poller initialized for BTCUSDT (interval: 1.0s)
2026-06-14 20:36:42 - __main__ - INFO - ✅ Bot initialized successfully
2026-06-14 20:36:42 - __main__ - INFO - 📡 Using REST API polling for price data (interval: 1s)
2026-06-14 20:36:42 - __main__ - INFO - 🔧 Precision: Step=1e-05, Tick=0.01, MinQty=1e-05, MinNotional=$10.0
2026-06-14 20:36:42 - __main__ - INFO - ✅ PID saved to bot.pid: 5408
2026-06-14 20:36:42 - __main__ - INFO - Bot started. Waiting for price updates...
2026-06-14 20:36:42 - binance_client.price_poller - INFO - ✅ Price poller started for BTCUSDT
2026-06-14 20:39:45 - __main__ - INFO - 🛑 Stopping bot...
2026-06-14 20:39:45 - binance_client.price_poller - INFO - Price poller stopped
2026-06-14 20:39:45 - __main__ - INFO - ✅ PID file removed: bot.pid
2026-06-14 20:39:45 - __main__ - INFO - ⏱️ Runtime: 0:03:03.774953
2026-06-14 20:39:45 - __main__ - INFO - 📊 Total price updates: 160
2026-06-14 20:39:45 - __main__ - INFO - ⚡ Total signals: 0
2026-06-14 20:39:54 - root - INFO - Logging to file: trading_bot.log
2026-06-14 20:39:54 - __main__ - INFO - ============================================================
2026-06-14 20:39:54 - __main__ - INFO - 🚀 Starting Binance Trading Bot - 2026-06-14 20:39:54
2026-06-14 20:39:54 - __main__ - INFO - 📊 Symbol: BTCUSDT
2026-06-14 20:39:54 - __main__ - INFO - 💰 Total Capital: $1300.0
2026-06-14 20:39:54 - __main__ - INFO - 🎯 Base Position: $100.0
2026-06-14 20:39:54 - __main__ - INFO - 🧪 Testnet Mode: True
2026-06-14 20:39:54 - __main__ - INFO - ============================================================
2026-06-14 20:39:54 - binance_client.rest_client - INFO - Binance client initialized. Testnet mode: True
2026-06-14 20:40:36 - root - INFO - Logging to file: trading_bot.log
2026-06-14 20:40:36 - __main__ - INFO - ============================================================
2026-06-14 20:40:36 - __main__ - INFO - 🚀 Starting Binance Trading Bot - 2026-06-14 20:40:36
2026-06-14 20:40:36 - __main__ - INFO - 📊 Symbol: BTCUSDT
2026-06-14 20:40:36 - __main__ - INFO - 💰 Total Capital: $1300.0
2026-06-14 20:40:36 - __main__ - INFO - 🎯 Base Position: $100.0
2026-06-14 20:40:36 - __main__ - INFO - 🧪 Testnet Mode: True
2026-06-14 20:40:36 - __main__ - INFO - ============================================================
2026-06-14 20:40:36 - binance_client.rest_client - INFO - Binance client initialized. Testnet mode: True
2026-06-14 20:40:37 - binance_client.rest_client - INFO - API connection successful
2026-06-14 20:40:37 - binance_client.rest_client - INFO - Account verified successfully
2026-06-14 20:40:37 - __main__ - INFO - Step size: 1e-05, Min quantity: 1e-05
2026-06-14 20:40:37 - __main__ - INFO - Tick size: 0.01
2026-06-14 20:40:37 - __main__ - INFO - ✅ Connected to Binance. Current price: $64118.0000
2026-06-14 20:40:38 - binance_client.rest_client - INFO - USDT balance: 10000.0
2026-06-14 20:40:38 - __main__ - INFO - 💰 Account USDT Balance: $10000.0000
2026-06-14 20:40:38 - trading.strategy - INFO - 🎯 Reference price set to $64118.00
2026-06-14 20:40:38 - binance_client.rest_client - INFO - Binance client initialized. Testnet mode: True
2026-06-14 20:40:39 - binance_client.rest_client - INFO - API connection successful
2026-06-14 20:40:39 - binance_client.rest_client - INFO - Account verified successfully
2026-06-14 20:40:39 - binance_client.price_poller - INFO - Price poller initialized for BTCUSDT (interval: 1.0s)
2026-06-14 20:40:39 - __main__ - INFO - ✅ Bot initialized successfully
2026-06-14 20:40:39 - __main__ - INFO - 📡 Using REST API polling for price data (interval: 1s)
2026-06-14 20:40:39 - __main__ - INFO - 🔧 Precision: Step=1e-05, Tick=0.01, MinQty=1e-05, MinNotional=$10.0
2026-06-14 20:40:39 - __main__ - INFO - ✅ PID saved to bot.pid: 12096
2026-06-14 20:40:39 - __main__ - INFO - Bot started. Waiting for price updates...
2026-06-14 20:44:32 - root - INFO - Logging to file: trading_bot.log
2026-06-14 20:44:32 - __main__ - INFO - ============================================================
2026-06-14 20:44:32 - __main__ - INFO - 🚀 Starting Binance Trading Bot - 2026-06-14 20:44:32
2026-06-14 20:44:32 - __main__ - INFO - 📊 Symbol: BTCUSDT
2026-06-14 20:44:32 - __main__ - INFO - 💰 Total Capital: $1300.0
2026-06-14 20:44:32 - __main__ - INFO - 🎯 Base Position: $100.0
2026-06-14 20:44:32 - __main__ - INFO - 🧪 Testnet Mode: True
2026-06-14 20:44:32 - __main__ - INFO - ============================================================
2026-06-14 20:44:32 - binance_client.rest_client - INFO - Binance client initialized. Testnet mode: True
2026-06-14 20:44:33 - binance_client.rest_client - INFO - API connection successful
2026-06-14 20:44:33 - binance_client.rest_client - INFO - Account verified successfully
2026-06-14 20:44:33 - __main__ - INFO - Step size: 1e-05, Min quantity: 1e-05
2026-06-14 20:44:33 - __main__ - INFO - Tick size: 0.01
2026-06-14 20:44:33 - __main__ - INFO - ✅ Connected to Binance. Current price: $64105.5200
2026-06-14 20:44:34 - binance_client.rest_client - INFO - USDT balance: 10000.0
2026-06-14 20:44:34 - __main__ - INFO - 💰 Account USDT Balance: $10000.0000
2026-06-14 20:44:34 - trading.strategy - INFO - 🎯 Reference price set to $64105.52
2026-06-14 20:44:34 - binance_client.rest_client - INFO - Binance client initialized. Testnet mode: True
2026-06-14 20:44:35 - binance_client.rest_client - INFO - API connection successful
2026-06-14 20:44:35 - binance_client.rest_client - INFO - Account verified successfully
2026-06-14 20:44:35 - binance_client.price_poller - INFO - Price poller initialized for BTCUSDT (interval: 1.0s)
2026-06-14 20:44:35 - __main__ - INFO - ✅ Bot initialized successfully
2026-06-14 20:44:35 - __main__ - INFO - 📡 Using REST API polling for price data (interval: 1s)
2026-06-14 20:44:35 - __main__ - INFO - 🔧 Precision: Step=1e-05, Tick=0.01, MinQty=1e-05, MinNotional=$10.0
2026-06-14 20:44:35 - __main__ - INFO - ✅ PID saved to bot.pid: 12952
2026-06-14 20:44:35 - __main__ - INFO - Bot started. Waiting for price updates...
2026-06-14 20:47:04 - root - INFO - Logging to file: trading_bot.log
2026-06-14 20:47:04 - __main__ - INFO - ============================================================
2026-06-14 20:47:04 - __main__ - INFO - 🚀 Starting Binance Trading Bot - 2026-06-14 20:47:04
2026-06-14 20:47:04 - __main__ - INFO - 📊 Symbol: BTCUSDT
2026-06-14 20:47:04 - __main__ - INFO - 💰 Total Capital: $1300.0
2026-06-14 20:47:04 - __main__ - INFO - 🎯 Base Position: $100.0
2026-06-14 20:47:04 - __main__ - INFO - 🧪 Testnet Mode: True
2026-06-14 20:47:04 - __main__ - INFO - ============================================================
2026-06-14 20:47:05 - binance_client.rest_client - INFO - Binance client initialized. Testnet mode: True
2026-06-14 20:47:05 - binance_client.rest_client - INFO - API connection successful
2026-06-14 20:47:05 - binance_client.rest_client - INFO - Account verified successfully
2026-06-14 20:47:05 - __main__ - INFO - Step size: 1e-05, Min quantity: 1e-05
2026-06-14 20:47:05 - __main__ - INFO - Tick size: 0.01
2026-06-14 20:47:06 - __main__ - INFO - ✅ Connected to Binance. Current price: $64086.5900
2026-06-14 20:47:06 - binance_client.rest_client - INFO - USDT balance: 10000.0
2026-06-14 20:47:06 - __main__ - INFO - 💰 Account USDT Balance: $10000.0000
2026-06-14 20:47:06 - trading.strategy - INFO - 🎯 Reference price set to $64086.58
2026-06-14 20:47:06 - binance_client.rest_client - INFO - Binance client initialized. Testnet mode: True
2026-06-14 20:47:07 - binance_client.rest_client - INFO - API connection successful
2026-06-14 20:47:07 - binance_client.rest_client - INFO - Account verified successfully
2026-06-14 20:47:07 - binance_client.price_poller - INFO - Price poller initialized for BTCUSDT (interval: 1.0s)
2026-06-14 20:47:07 - __main__ - INFO - ✅ Bot initialized successfully
2026-06-14 20:47:07 - __main__ - INFO - 📡 Using REST API polling for price data (interval: 1s)
2026-06-14 20:47:07 - __main__ - INFO - 🔧 Precision: Step=1e-05, Tick=0.01, MinQty=1e-05, MinNotional=$10.0
2026-06-14 20:47:07 - __main__ - INFO - ✅ PID saved to bot.pid: 12836
2026-06-14 20:47:07 - __main__ - INFO - Bot started. Waiting for price updates...
2026-06-14 20:47:48 - root - INFO - Logging to file: trading_bot.log
2026-06-14 20:47:48 - __main__ - INFO - ============================================================
2026-06-14 20:47:48 - __main__ - INFO - 🚀 Starting Binance Trading Bot - 2026-06-14 20:47:48
2026-06-14 20:47:48 - __main__ - INFO - 📊 Symbol: BTCUSDT
2026-06-14 20:47:48 - __main__ - INFO - 💰 Total Capital: $1300.0
2026-06-14 20:47:48 - __main__ - INFO - 🎯 Base Position: $100.0
2026-06-14 20:47:48 - __main__ - INFO - 🧪 Testnet Mode: True
2026-06-14 20:47:48 - __main__ - INFO - ============================================================
2026-06-14 20:47:48 - binance_client.rest_client - INFO - Binance client initialized. Testnet mode: True
2026-06-14 20:47:49 - binance_client.rest_client - INFO - API connection successful
2026-06-14 20:47:49 - binance_client.rest_client - INFO - Account verified successfully
2026-06-14 20:47:49 - __main__ - INFO - Step size: 1e-05, Min quantity: 1e-05
2026-06-14 20:47:49 - __main__ - INFO - Tick size: 0.01
2026-06-14 20:47:49 - __main__ - INFO - ✅ Connected to Binance. Current price: $64074.7700
2026-06-14 20:47:50 - binance_client.rest_client - INFO - USDT balance: 10000.0
2026-06-14 20:47:50 - __main__ - INFO - 💰 Account USDT Balance: $10000.0000
2026-06-14 20:47:50 - trading.strategy - INFO - 🎯 Reference price set to $64074.77
2026-06-14 20:47:50 - binance_client.rest_client - INFO - Binance client initialized. Testnet mode: True
2026-06-14 20:47:51 - binance_client.rest_client - INFO - API connection successful
2026-06-14 20:47:51 - binance_client.rest_client - INFO - Account verified successfully
2026-06-14 20:47:51 - binance_client.price_poller - INFO - Price poller initialized for BTCUSDT (interval: 1.0s)
2026-06-14 20:47:51 - __main__ - INFO - ✅ Bot initialized successfully
2026-06-14 20:47:51 - __main__ - INFO - 📡 Using REST API polling for price data (interval: 1s)
2026-06-14 20:47:51 - __main__ - INFO - 🔧 Precision: Step=1e-05, Tick=0.01, MinQty=1e-05, MinNotional=$10.0
2026-06-14 20:47:51 - __main__ - INFO - ✅ PID saved to bot.pid: 9000
2026-06-14 20:47:51 - __main__ - INFO - Bot started. Waiting for price updates...
2026-06-14 20:52:35 - root - INFO - Logging to file: trading_bot.log
2026-06-14 20:52:35 - __main__ - INFO - ============================================================
2026-06-14 20:52:35 - __main__ - INFO - 🚀 Starting Binance Trading Bot - 2026-06-14 20:52:35
2026-06-14 20:52:35 - __main__ - INFO - 📊 Symbol: BTCUSDT
2026-06-14 20:52:35 - __main__ - INFO - 💰 Total Capital: $1300.0
2026-06-14 20:52:35 - __main__ - INFO - 🎯 Base Position: $100.0
2026-06-14 20:52:35 - __main__ - INFO - 🧪 Testnet Mode: True
2026-06-14 20:52:35 - __main__ - INFO - ============================================================
2026-06-14 20:52:35 - binance_client.rest_client - INFO - Binance client initialized. Testnet mode: True
2026-06-14 20:52:36 - binance_client.rest_client - INFO - API connection successful
2026-06-14 20:52:36 - binance_client.rest_client - INFO - Account verified successfully
2026-06-14 20:52:37 - __main__ - INFO - Step size: 1e-05, Min quantity: 1e-05
2026-06-14 20:52:37 - __main__ - INFO - Tick size: 0.01
2026-06-14 20:52:37 - __main__ - INFO - ✅ Connected to Binance. Current price: $64094.0000
2026-06-14 20:52:37 - binance_client.rest_client - INFO - USDT balance: 10000.0
2026-06-14 20:52:37 - __main__ - INFO - 💰 Account USDT Balance: $10000.0000
2026-06-14 20:52:37 - trading.strategy - INFO - 🎯 Reference price set to $64094.00
2026-06-14 20:52:38 - binance_client.rest_client - INFO - Binance client initialized. Testnet mode: True
2026-06-14 20:52:38 - binance_client.rest_client - INFO - API connection successful
2026-06-14 20:52:38 - binance_client.rest_client - INFO - Account verified successfully
2026-06-14 20:52:38 - binance_client.price_poller - INFO - Price poller initialized for BTCUSDT (interval: 1.0s)
2026-06-14 20:52:38 - __main__ - INFO - ✅ Bot initialized successfully
2026-06-14 20:52:38 - __main__ - INFO - 📡 Using REST API polling for price data (interval: 1s)
2026-06-14 20:52:38 - __main__ - INFO - 🔧 Precision: Step=1e-05, Tick=0.01, MinQty=1e-05, MinNotional=$10.0
2026-06-14 20:52:38 - __main__ - INFO - ✅ PID saved to bot.pid: 11016
2026-06-14 20:52:38 - __main__ - INFO - Bot started. Waiting for price updates...
2026-06-14 23:42:46 - root - INFO - Logging to file: trading_bot.log
2026-06-14 23:42:46 - __main__ - INFO - ============================================================
2026-06-14 23:42:46 - __main__ - INFO - 🚀 Starting Binance Trading Bot - 2026-06-14 23:42:46
2026-06-14 23:42:46 - __main__ - INFO - 📊 Symbol: BTCUSDT
2026-06-14 23:42:46 - __main__ - INFO - 💰 Total Capital: $1300.0
2026-06-14 23:42:46 - __main__ - INFO - 🎯 Base Position: $100.0
2026-06-14 23:42:46 - __main__ - INFO - 🧪 Testnet Mode: True
2026-06-14 23:42:46 - __main__ - INFO - ============================================================
2026-06-14 23:42:47 - binance_client.rest_client - INFO - Binance client initialized. Testnet mode: True
2026-06-14 23:42:47 - binance_client.rest_client - INFO - API connection successful
2026-06-14 23:42:47 - binance_client.rest_client - INFO - Account verified successfully
2026-06-14 23:42:48 - __main__ - INFO - Step size: 1e-05, Min quantity: 1e-05
2026-06-14 23:42:48 - __main__ - INFO - Tick size: 0.01
2026-06-14 23:42:48 - __main__ - INFO - ✅ Connected to Binance. Current price: $63724.5900
2026-06-14 23:42:48 - binance_client.rest_client - INFO - USDT balance: 10000.0
2026-06-14 23:42:48 - __main__ - INFO - 💰 Account USDT Balance: $10000.0000
2026-06-14 23:42:48 - trading.strategy - INFO - 🎯 Reference price set to $63724.59
2026-06-14 23:42:49 - binance_client.rest_client - INFO - Binance client initialized. Testnet mode: True
2026-06-14 23:42:49 - binance_client.rest_client - INFO - API connection successful
2026-06-14 23:42:49 - binance_client.rest_client - INFO - Account verified successfully
2026-06-14 23:42:49 - binance_client.price_poller - INFO - Price poller initialized for BTCUSDT (interval: 1.0s)
2026-06-14 23:42:49 - __main__ - INFO - ✅ Bot initialized successfully
2026-06-14 23:42:49 - __main__ - INFO - 📡 Using REST API polling for price data (interval: 1s)
2026-06-14 23:42:49 - __main__ - INFO - 🔧 Precision: Step=1e-05, Tick=0.01, MinQty=1e-05, MinNotional=$10.0
2026-06-14 23:42:49 - __main__ - INFO - ✅ PID saved to bot.pid: 12400
2026-06-14 23:42:49 - __main__ - INFO - Bot started. Waiting for price updates...
2026-06-14 23:51:56 - root - INFO - Logging to file: trading_bot.log
2026-06-14 23:51:56 - __main__ - INFO - ============================================================
2026-06-14 23:51:56 - __main__ - INFO - 🚀 Starting Binance Trading Bot - 2026-06-14 23:51:56
2026-06-14 23:51:56 - __main__ - INFO - 📊 Symbol: BTCUSDT
2026-06-14 23:51:56 - __main__ - INFO - 💰 Total Capital: $1300.0
2026-06-14 23:51:56 - __main__ - INFO - 🎯 Base Position: $100.0
2026-06-14 23:51:56 - __main__ - INFO - 🧪 Testnet Mode: True
2026-06-14 23:51:56 - __main__ - INFO - ============================================================
2026-06-14 23:51:57 - binance_client.rest_client - INFO - Binance client initialized. Testnet mode: True
2026-06-14 23:51:57 - binance_client.rest_client - INFO - API connection successful
2026-06-14 23:51:57 - binance_client.rest_client - INFO - Account verified successfully
2026-06-14 23:51:58 - __main__ - INFO - Step size: 1e-05, Min quantity: 1e-05
2026-06-14 23:51:58 - __main__ - INFO - Tick size: 0.01
2026-06-14 23:51:58 - __main__ - INFO - ✅ Connected to Binance. Current price: $63705.2300
2026-06-14 23:51:58 - binance_client.rest_client - INFO - USDT balance: 10000.0
2026-06-14 23:51:58 - __main__ - INFO - 💰 Account USDT Balance: $10000.0000
2026-06-14 23:51:58 - trading.strategy - INFO - 🎯 Reference price set to $63705.23
2026-06-14 23:51:59 - binance_client.rest_client - INFO - Binance client initialized. Testnet mode: True
2026-06-14 23:51:59 - binance_client.rest_client - INFO - API connection successful
2026-06-14 23:51:59 - binance_client.rest_client - INFO - Account verified successfully
2026-06-14 23:51:59 - binance_client.price_poller - INFO - Price poller initialized for BTCUSDT (interval: 1.0s)
2026-06-14 23:51:59 - __main__ - INFO - ✅ Bot initialized successfully
2026-06-14 23:51:59 - __main__ - INFO - 📡 Using REST API polling for price data (interval: 1s)
2026-06-14 23:51:59 - __main__ - INFO - 🔧 Precision: Step=1e-05, Tick=0.01, MinQty=1e-05, MinNotional=$10.0
2026-06-14 23:51:59 - __main__ - INFO - ✅ PID saved to bot.pid: 11960
2026-06-14 23:51:59 - __main__ - INFO - Bot started. Waiting for price updates...
2026-06-14 23:53:02 - root - INFO - Logging to file: trading_bot.log
2026-06-14 23:53:02 - __main__ - INFO - ============================================================
2026-06-14 23:53:02 - __main__ - INFO - 🚀 Starting Binance Trading Bot - 2026-06-14 23:53:02
2026-06-14 23:53:02 - __main__ - INFO - 📊 Symbol: BTCUSDT
2026-06-14 23:53:02 - __main__ - INFO - 💰 Total Capital: $1300.0
2026-06-14 23:53:02 - __main__ - INFO - 🎯 Base Position: $100.0
2026-06-14 23:53:02 - __main__ - INFO - 🧪 Testnet Mode: True
2026-06-14 23:53:02 - __main__ - INFO - ============================================================
2026-06-14 23:53:03 - binance_client.rest_client - INFO - Binance client initialized. Testnet mode: True
2026-06-14 23:53:03 - binance_client.rest_client - INFO - API connection successful
2026-06-14 23:53:04 - binance_client.rest_client - INFO - Account verified successfully
2026-06-14 23:53:04 - __main__ - INFO - Step size: 1e-05, Min quantity: 1e-05
2026-06-14 23:53:04 - __main__ - INFO - Tick size: 0.01
2026-06-14 23:53:04 - __main__ - INFO - ✅ Connected to Binance. Current price: $63682.0100
2026-06-14 23:53:04 - binance_client.rest_client - INFO - USDT balance: 10000.0
2026-06-14 23:53:04 - __main__ - INFO - 💰 Account USDT Balance: $10000.0000
2026-06-14 23:53:04 - trading.strategy - INFO - 🎯 Reference price set to $63682.01
2026-06-14 23:53:05 - binance_client.rest_client - INFO - Binance client initialized. Testnet mode: True
2026-06-14 23:53:06 - binance_client.rest_client - INFO - API connection successful
2026-06-14 23:53:06 - binance_client.rest_client - INFO - Account verified successfully
2026-06-14 23:53:06 - binance_client.price_poller - INFO - Price poller initialized for BTCUSDT (interval: 1.0s)
2026-06-14 23:53:06 - __main__ - INFO - ✅ Bot initialized successfully
2026-06-14 23:53:06 - __main__ - INFO - 📡 Using REST API polling for price data (interval: 1s)
2026-06-14 23:53:06 - __main__ - INFO - 🔧 Precision: Step=1e-05, Tick=0.01, MinQty=1e-05, MinNotional=$10.0
2026-06-14 23:53:06 - __main__ - INFO - ✅ PID saved to bot.pid: 2096
2026-06-14 23:53:06 - __main__ - INFO - Bot started. Waiting for price updates...
2026-06-14 23:54:27 - root - INFO - Logging to file: trading_bot.log
2026-06-14 23:54:27 - __main__ - INFO - ============================================================
2026-06-14 23:54:27 - __main__ - INFO - 🚀 Starting Binance Trading Bot - 2026-06-14 23:54:27
2026-06-14 23:54:27 - __main__ - INFO - 📊 Symbol: BTCUSDT
2026-06-14 23:54:27 - __main__ - INFO - 💰 Total Capital: $1300.0
2026-06-14 23:54:27 - __main__ - INFO - 🎯 Base Position: $100.0
2026-06-14 23:54:27 - __main__ - INFO - 🧪 Testnet Mode: True
2026-06-14 23:54:27 - __main__ - INFO - ============================================================
2026-06-14 23:54:28 - binance_client.rest_client - INFO - Binance client initialized. Testnet mode: True
2026-06-14 23:54:28 - binance_client.rest_client - INFO - API connection successful
2026-06-14 23:54:29 - binance_client.rest_client - INFO - Account verified successfully
2026-06-14 23:54:29 - __main__ - INFO - Step size: 1e-05, Min quantity: 1e-05
2026-06-14 23:54:29 - __main__ - INFO - Tick size: 0.01
2026-06-14 23:54:29 - __main__ - INFO - ✅ Connected to Binance. Current price: $63712.0000
2026-06-14 23:54:29 - binance_client.rest_client - INFO - USDT balance: 10000.0
2026-06-14 23:54:29 - __main__ - INFO - 💰 Account USDT Balance: $10000.0000
2026-06-14 23:54:29 - trading.strategy - INFO - 🎯 Reference price set to $63712.00
2026-06-14 23:54:30 - binance_client.rest_client - INFO - Binance client initialized. Testnet mode: True
2026-06-14 23:54:30 - binance_client.rest_client - INFO - API connection successful
2026-06-14 23:54:30 - binance_client.rest_client - INFO - Account verified successfully
2026-06-14 23:54:30 - binance_client.price_poller - INFO - Price poller initialized for BTCUSDT (interval: 1.0s)
2026-06-14 23:54:30 - __main__ - INFO - ✅ Bot initialized successfully
2026-06-14 23:54:30 - __main__ - INFO - 📡 Using REST API polling for price data (interval: 1s)
2026-06-14 23:54:30 - __main__ - INFO - 🔧 Precision: Step=1e-05, Tick=0.01, MinQty=1e-05, MinNotional=$10.0
2026-06-14 23:54:30 - __main__ - INFO - ✅ PID saved to bot.pid: 1768
2026-06-14 23:54:30 - __main__ - INFO - Bot started. Waiting for price updates...
2026-06-14 23:54:41 - root - INFO - Logging to file: trading_bot.log
2026-06-14 23:54:41 - __main__ - INFO - ============================================================
2026-06-14 23:54:41 - __main__ - INFO - 🚀 Starting Binance Trading Bot - 2026-06-14 23:54:41
2026-06-14 23:54:41 - __main__ - INFO - 📊 Symbol: BTCUSDT
2026-06-14 23:54:41 - __main__ - INFO - 💰 Total Capital: $1300.0
2026-06-14 23:54:41 - __main__ - INFO - 🎯 Base Position: $100.0
2026-06-14 23:54:41 - __main__ - INFO - 🧪 Testnet Mode: True
2026-06-14 23:54:41 - __main__ - INFO - ============================================================
2026-06-14 23:54:42 - binance_client.rest_client - INFO - Binance client initialized. Testnet mode: True
2026-06-14 23:54:42 - binance_client.rest_client - INFO - API connection successful
2026-06-14 23:54:42 - binance_client.rest_client - INFO - Account verified successfully
2026-06-14 23:54:43 - __main__ - INFO - Step size: 1e-05, Min quantity: 1e-05
2026-06-14 23:54:43 - __main__ - INFO - Tick size: 0.01
2026-06-14 23:54:43 - __main__ - INFO - ✅ Connected to Binance. Current price: $63719.9900
2026-06-14 23:54:43 - binance_client.rest_client - INFO - USDT balance: 10000.0
2026-06-14 23:54:43 - __main__ - INFO - 💰 Account USDT Balance: $10000.0000
2026-06-14 23:54:43 - trading.strategy - INFO - 🎯 Reference price set to $63719.99
2026-06-14 23:54:44 - binance_client.rest_client - INFO - Binance client initialized. Testnet mode: True
2026-06-14 23:54:44 - binance_client.rest_client - INFO - API connection successful
2026-06-14 23:54:44 - binance_client.rest_client - INFO - Account verified successfully
2026-06-14 23:54:44 - binance_client.price_poller - INFO - Price poller initialized for BTCUSDT (interval: 1.0s)
2026-06-14 23:54:44 - __main__ - INFO - ✅ Bot initialized successfully
2026-06-14 23:54:44 - __main__ - INFO - 📡 Using REST API polling for price data (interval: 1s)
2026-06-14 23:54:44 - __main__ - INFO - 🔧 Precision: Step=1e-05, Tick=0.01, MinQty=1e-05, MinNotional=$10.0
2026-06-14 23:54:44 - __main__ - INFO - ✅ PID saved to bot.pid: 4104
2026-06-14 23:54:44 - __main__ - INFO - Bot started. Waiting for price updates...
2026-06-15 00:07:27 - root - INFO - Logging to file: trading_bot.log
2026-06-15 00:07:27 - __main__ - INFO - ============================================================
2026-06-15 00:07:27 - __main__ - INFO - 🚀 Starting Binance Trading Bot - 2026-06-15 00:07:27
2026-06-15 00:07:27 - __main__ - INFO - 📊 Symbol: BTCUSDT
2026-06-15 00:07:27 - __main__ - INFO - 💰 Total Capital: $1000.0
2026-06-15 00:07:27 - __main__ - INFO - 🎯 Base Position: $100.0
2026-06-15 00:07:27 - __main__ - INFO - 🧪 Testnet Mode: True
2026-06-15 00:07:27 - __main__ - INFO - ============================================================
2026-06-15 00:07:27 - binance_client.rest_client - INFO - Binance client initialized. Testnet mode: True
2026-06-15 00:07:28 - binance_client.rest_client - INFO - API connection successful
2026-06-15 00:07:28 - binance_client.rest_client - INFO - Account verified successfully
2026-06-15 00:07:28 - __main__ - INFO - Step size: 1e-05, Min quantity: 1e-05
2026-06-15 00:07:28 - __main__ - INFO - Tick size: 0.01
2026-06-15 00:07:28 - __main__ - INFO - ✅ Connected to Binance. Current price: $63748.5500
2026-06-15 00:07:29 - binance_client.rest_client - INFO - USDT balance: 10000.0
2026-06-15 00:07:29 - __main__ - INFO - 💰 Account USDT Balance: $10000.0000
2026-06-15 00:07:29 - trading.strategy - INFO - 🎯 Reference price set to $63748.56
2026-06-15 00:07:29 - binance_client.rest_client - INFO - Binance client initialized. Testnet mode: True
2026-06-15 00:07:30 - binance_client.rest_client - INFO - API connection successful
2026-06-15 00:07:30 - binance_client.rest_client - INFO - Account verified successfully
2026-06-15 00:07:30 - binance_client.price_poller - INFO - Price poller initialized for BTCUSDT (interval: 1.0s)
2026-06-15 00:07:30 - __main__ - INFO - ✅ Bot initialized successfully
2026-06-15 00:07:30 - __main__ - INFO - 📡 Using REST API polling for price data (interval: 1s)
2026-06-15 00:07:30 - __main__ - INFO - 🔧 Precision: Step=1e-05, Tick=0.01, MinQty=1e-05, MinNotional=$10.0
2026-06-15 00:07:30 - __main__ - INFO - ✅ PID saved to bot.pid: 4572
2026-06-15 00:07:30 - __main__ - INFO - Bot started. Waiting for price updates...
2026-06-15 00:07:34 - root - INFO - Logging to file: trading_bot.log
2026-06-15 00:07:34 - __main__ - INFO - ============================================================
2026-06-15 00:07:34 - __main__ - INFO - 🚀 Starting Binance Trading Bot - 2026-06-15 00:07:34
2026-06-15 00:07:34 - __main__ - INFO - 📊 Symbol: BTCUSDT
2026-06-15 00:07:34 - __main__ - INFO - 💰 Total Capital: $1000.0
2026-06-15 00:07:34 - __main__ - INFO - 🎯 Base Position: $100.0
2026-06-15 00:07:34 - __main__ - INFO - 🧪 Testnet Mode: True
2026-06-15 00:07:34 - __main__ - INFO - ============================================================
2026-06-15 00:07:35 - binance_client.rest_client - INFO - Binance client initialized. Testnet mode: True
2026-06-15 00:07:36 - binance_client.rest_client - INFO - API connection successful
2026-06-15 00:07:36 - binance_client.rest_client - INFO - Account verified successfully
2026-06-15 00:07:36 - __main__ - INFO - Step size: 1e-05, Min quantity: 1e-05
2026-06-15 00:07:36 - __main__ - INFO - Tick size: 0.01
2026-06-15 00:07:36 - __main__ - INFO - ✅ Connected to Binance. Current price: $63748.5600
2026-06-15 00:07:37 - binance_client.rest_client - INFO - USDT balance: 10000.0
2026-06-15 00:07:37 - __main__ - INFO - 💰 Account USDT Balance: $10000.0000
2026-06-15 00:07:37 - trading.strategy - INFO - 🎯 Reference price set to $63748.56
2026-06-15 00:07:37 - binance_client.rest_client - INFO - Binance client initialized. Testnet mode: True
2026-06-15 00:07:38 - binance_client.rest_client - INFO - API connection successful
2026-06-15 00:07:38 - binance_client.rest_client - INFO - Account verified successfully
2026-06-15 00:07:38 - binance_client.price_poller - INFO - Price poller initialized for BTCUSDT (interval: 1.0s)
2026-06-15 00:07:38 - __main__ - INFO - ✅ Bot initialized successfully
2026-06-15 00:07:38 - __main__ - INFO - 📡 Using REST API polling for price data (interval: 1s)
2026-06-15 00:07:38 - __main__ - INFO - 🔧 Precision: Step=1e-05, Tick=0.01, MinQty=1e-05, MinNotional=$10.0
2026-06-15 00:07:38 - __main__ - INFO - ✅ PID saved to bot.pid: 4680
2026-06-15 00:07:38 - __main__ - INFO - Bot started. Waiting for price updates...
2026-06-15 00:15:04 - root - INFO - Logging to file: trading_bot.log
2026-06-15 00:15:04 - __main__ - INFO - ============================================================
2026-06-15 00:15:04 - __main__ - INFO - 🚀 Starting Binance Trading Bot - 2026-06-15 00:15:04
2026-06-15 00:15:04 - __main__ - INFO - 📊 Symbol: BTCUSDT
2026-06-15 00:15:04 - __main__ - INFO - 💰 Total Capital: $1000.0
2026-06-15 00:15:04 - __main__ - INFO - 🎯 Base Position: $100.0
2026-06-15 00:15:04 - __main__ - INFO - 🧪 Testnet Mode: True
2026-06-15 00:15:04 - __main__ - INFO - ============================================================
2026-06-15 00:15:05 - binance_client.rest_client - INFO - Binance client initialized. Testnet mode: True
2026-06-15 00:15:05 - binance_client.rest_client - INFO - API connection successful
2026-06-15 00:15:05 - binance_client.rest_client - INFO - Account verified successfully
2026-06-15 00:15:06 - __main__ - INFO - Step size: 1e-05, Min quantity: 1e-05
2026-06-15 00:15:06 - __main__ - INFO - Tick size: 0.01
2026-06-15 00:15:06 - __main__ - INFO - ✅ Connected to Binance. Current price: $63777.3200
2026-06-15 00:15:06 - binance_client.rest_client - INFO - USDT balance: 10000.0
2026-06-15 00:15:06 - __main__ - INFO - 💰 Account USDT Balance: $10000.0000
2026-06-15 00:15:06 - trading.strategy - INFO - 🎯 Reference price set to $63777.32
2026-06-15 00:15:07 - binance_client.rest_client - INFO - Binance client initialized. Testnet mode: True
2026-06-15 00:15:07 - binance_client.rest_client - INFO - API connection successful
2026-06-15 00:15:07 - binance_client.rest_client - INFO - Account verified successfully
2026-06-15 00:15:07 - binance_client.price_poller - INFO - Price poller initialized for BTCUSDT (interval: 1.0s)
2026-06-15 00:15:07 - __main__ - INFO - ✅ Bot initialized successfully
2026-06-15 00:15:07 - __main__ - INFO - 📡 Using REST API polling for price data (interval: 1s)
2026-06-15 00:15:07 - __main__ - INFO - 🔧 Precision: Step=1e-05, Tick=0.01, MinQty=1e-05, MinNotional=$10.0
2026-06-15 00:15:07 - __main__ - INFO - ✅ PID saved to bot.pid: 8464
2026-06-15 00:15:07 - __main__ - INFO - Bot started. Waiting for price updates...
2026-06-15 00:15:13 - root - INFO - Logging to file: trading_bot.log
2026-06-15 00:15:13 - __main__ - INFO - ============================================================
2026-06-15 00:15:13 - __main__ - INFO - 🚀 Starting Binance Trading Bot - 2026-06-15 00:15:13
2026-06-15 00:15:13 - __main__ - INFO - 📊 Symbol: BTCUSDT
2026-06-15 00:15:13 - __main__ - INFO - 💰 Total Capital: $1000.0
2026-06-15 00:15:13 - __main__ - INFO - 🎯 Base Position: $100.0
2026-06-15 00:15:13 - __main__ - INFO - 🧪 Testnet Mode: True
2026-06-15 00:15:13 - __main__ - INFO - ============================================================
2026-06-15 00:15:14 - binance_client.rest_client - INFO - Binance client initialized. Testnet mode: True
2026-06-15 00:15:14 - binance_client.rest_client - INFO - API connection successful
2026-06-15 00:15:14 - binance_client.rest_client - INFO - Account verified successfully
2026-06-15 00:15:15 - __main__ - INFO - Step size: 1e-05, Min quantity: 1e-05
2026-06-15 00:15:15 - __main__ - INFO - Tick size: 0.01
2026-06-15 00:15:15 - __main__ - INFO - ✅ Connected to Binance. Current price: $63780.6400
2026-06-15 00:15:15 - binance_client.rest_client - INFO - USDT balance: 10000.0
2026-06-15 00:15:15 - __main__ - INFO - 💰 Account USDT Balance: $10000.0000
2026-06-15 00:15:15 - trading.strategy - INFO - 🎯 Reference price set to $63780.64
2026-06-15 00:15:16 - binance_client.rest_client - INFO - Binance client initialized. Testnet mode: True
2026-06-15 00:15:16 - binance_client.rest_client - INFO - API connection successful
2026-06-15 00:15:16 - binance_client.rest_client - INFO - Account verified successfully
2026-06-15 00:15:16 - binance_client.price_poller - INFO - Price poller initialized for BTCUSDT (interval: 1.0s)
2026-06-15 00:15:16 - __main__ - INFO - ✅ Bot initialized successfully
2026-06-15 00:15:16 - __main__ - INFO - 📡 Using REST API polling for price data (interval: 1s)
2026-06-15 00:15:16 - __main__ - INFO - 🔧 Precision: Step=1e-05, Tick=0.01, MinQty=1e-05, MinNotional=$10.0
2026-06-15 00:15:16 - __main__ - INFO - ✅ PID saved to bot.pid: 12584
2026-06-15 00:15:16 - __main__ - INFO - Bot started. Waiting for price updates...
2026-06-15 00:42:34 - root - INFO - Logging to file: trading_bot.log
2026-06-15 00:42:34 - __main__ - INFO - ============================================================
2026-06-15 00:42:34 - __main__ - INFO - 🚀 Starting Binance Trading Bot - 2026-06-15 00:42:34
2026-06-15 00:42:34 - __main__ - INFO - 📊 Symbol: BTCUSDT
2026-06-15 00:42:34 - __main__ - INFO - 💰 Total Capital: $1000.0
2026-06-15 00:42:34 - __main__ - INFO - 🎯 Base Position: $100.0
2026-06-15 00:42:34 - __main__ - INFO - 🧪 Testnet Mode: True
2026-06-15 00:42:34 - __main__ - INFO - ============================================================
2026-06-15 00:42:34 - binance_client.rest_client - INFO - Binance client initialized. Testnet mode: True
2026-06-15 00:42:35 - binance_client.rest_client - INFO - API connection successful
2026-06-15 00:42:35 - binance_client.rest_client - INFO - Account verified successfully
2026-06-15 00:42:35 - __main__ - INFO - Step size: 1e-05, Min quantity: 1e-05
2026-06-15 00:42:35 - __main__ - INFO - Tick size: 0.01
2026-06-15 00:42:35 - __main__ - INFO - ✅ Connected to Binance. Current price: $63829.9500
2026-06-15 00:42:36 - binance_client.rest_client - INFO - USDT balance: 10000.0
2026-06-15 00:42:36 - __main__ - INFO - 💰 Account USDT Balance: $10000.0000
2026-06-15 00:42:36 - trading.strategy - INFO - 🎯 Reference price set to $63829.95
2026-06-15 00:42:36 - binance_client.rest_client - INFO - Binance client initialized. Testnet mode: True
2026-06-15 00:42:37 - binance_client.rest_client - INFO - API connection successful
2026-06-15 00:42:37 - binance_client.rest_client - INFO - Account verified successfully
2026-06-15 00:42:37 - binance_client.price_poller - INFO - Price poller initialized for BTCUSDT (interval: 1.0s)
2026-06-15 00:42:37 - __main__ - INFO - ✅ Bot initialized successfully
2026-06-15 00:42:37 - __main__ - INFO - 📡 Using REST API polling for price data (interval: 1s)
2026-06-15 00:42:37 - __main__ - INFO - 🔧 Precision: Step=1e-05, Tick=0.01, MinQty=1e-05, MinNotional=$10.0
2026-06-15 00:42:37 - __main__ - INFO - ✅ PID saved to bot.pid: 3748
2026-06-15 00:42:37 - __main__ - INFO - Bot started. Waiting for price updates...
2026-06-15 00:42:37 - binance_client.price_poller - INFO - ✅ Price poller started for BTCUSDT
2026-06-15 02:51:26 - root - INFO - Logging to file: trading_bot.log
2026-06-15 02:51:26 - __main__ - INFO - ============================================================
2026-06-15 02:51:26 - __main__ - INFO - 🚀 Starting Binance Trading Bot - 2026-06-15 02:51:26
2026-06-15 02:51:26 - __main__ - INFO - 📊 Symbol: BTCUSDT
2026-06-15 02:51:26 - __main__ - INFO - 💰 Total Capital: $1000.0
2026-06-15 02:51:26 - __main__ - INFO - 🎯 Base Position: $100.0
2026-06-15 02:51:26 - __main__ - INFO - 🧪 Testnet Mode: True
2026-06-15 02:51:26 - __main__ - INFO - ============================================================
2026-06-15 02:51:26 - binance_client.rest_client - INFO - Binance client initialized. Testnet mode: True
2026-06-15 02:51:27 - binance_client.rest_client - INFO - API connection successful
2026-06-15 02:51:27 - binance_client.rest_client - INFO - Account verified successfully
2026-06-15 02:51:27 - __main__ - INFO - Step size: 1e-05, Min quantity: 1e-05
2026-06-15 02:51:27 - __main__ - INFO - Tick size: 0.01
2026-06-15 02:51:27 - __main__ - INFO - ✅ Connected to Binance. Current price: $64670.0100
2026-06-15 02:51:27 - binance_client.rest_client - INFO - USDT balance: 10000.0
2026-06-15 02:51:27 - __main__ - INFO - 💰 Account USDT Balance: $10000.0000
2026-06-15 02:51:27 - trading.strategy - INFO - 🎯 Reference price set to $64670.01
2026-06-15 02:51:28 - binance_client.rest_client - INFO - Binance client initialized. Testnet mode: True
2026-06-15 02:51:28 - binance_client.rest_client - INFO - API connection successful
2026-06-15 02:51:29 - binance_client.rest_client - INFO - Account verified successfully
2026-06-15 02:51:29 - binance_client.price_poller - INFO - Price poller initialized for BTCUSDT (interval: 1.0s)
2026-06-15 02:51:29 - __main__ - INFO - ✅ Bot initialized successfully
2026-06-15 02:51:29 - __main__ - INFO - 📡 Using REST API polling for price data (interval: 1s)
2026-06-15 02:51:29 - __main__ - INFO - 🔧 Precision: Step=1e-05, Tick=0.01, MinQty=1e-05, MinNotional=$10.0
2026-06-15 02:51:29 - __main__ - INFO - ✅ PID saved to bot.pid: 12592
2026-06-15 02:51:29 - __main__ - INFO - Bot started. Waiting for price updates...
2026-06-15 02:55:12 - root - INFO - Logging to file: trading_bot.log
2026-06-15 02:55:12 - __main__ - INFO - ============================================================
2026-06-15 02:55:12 - __main__ - INFO - 🚀 Starting Binance Trading Bot - 2026-06-15 02:55:12
2026-06-15 02:55:12 - __main__ - INFO - 📊 Symbol: BTCUSDT
2026-06-15 02:55:12 - __main__ - INFO - 💰 Total Capital: $1000.0
2026-06-15 02:55:12 - __main__ - INFO - 🎯 Base Position: $100.0
2026-06-15 02:55:12 - __main__ - INFO - 🧪 Testnet Mode: True
2026-06-15 02:55:12 - __main__ - INFO - ============================================================
2026-06-15 02:55:12 - binance_client.rest_client - INFO - Binance client initialized. Testnet mode: True
2026-06-15 02:55:13 - binance_client.rest_client - INFO - API connection successful
2026-06-15 02:55:13 - binance_client.rest_client - INFO - Account verified successfully
2026-06-15 02:55:14 - __main__ - INFO - Step size: 1e-05, Min quantity: 1e-05
2026-06-15 02:55:14 - __main__ - INFO - Tick size: 0.01
2026-06-15 02:55:14 - __main__ - INFO - ✅ Connected to Binance. Current price: $64800.0000
2026-06-15 02:55:14 - binance_client.rest_client - INFO - USDT balance: 10000.0
2026-06-15 02:55:14 - __main__ - INFO - 💰 Account USDT Balance: $10000.0000
2026-06-15 02:55:14 - trading.strategy - INFO - 🎯 Reference price set to $64800.00
2026-06-15 02:55:15 - binance_client.rest_client - INFO - Binance client initialized. Testnet mode: True
2026-06-15 02:55:15 - binance_client.rest_client - INFO - API connection successful
2026-06-15 02:55:15 - binance_client.rest_client - INFO - Account verified successfully
2026-06-15 02:55:15 - binance_client.price_poller - INFO - Price poller initialized for BTCUSDT (interval: 1.0s)
2026-06-15 02:55:15 - __main__ - INFO - ✅ Bot initialized successfully
2026-06-15 02:55:15 - __main__ - INFO - 📡 Using REST API polling for price data (interval: 1s)
2026-06-15 02:55:15 - __main__ - INFO - 🔧 Precision: Step=1e-05, Tick=0.01, MinQty=1e-05, MinNotional=$10.0
2026-06-15 02:55:15 - __main__ - INFO - ✅ PID saved to bot.pid: 4608
2026-06-15 02:55:15 - __main__ - INFO - Bot started. Waiting for price updates...
2026-06-15 02:58:14 - root - INFO - Logging to file: trading_bot.log
2026-06-15 02:58:14 - __main__ - INFO - ============================================================
2026-06-15 02:58:14 - __main__ - INFO - 🚀 Starting Binance Trading Bot - 2026-06-15 02:58:14
2026-06-15 02:58:14 - __main__ - INFO - 📊 Symbol: BTCUSDT
2026-06-15 02:58:14 - __main__ - INFO - 💰 Total Capital: $1000.0
2026-06-15 02:58:14 - __main__ - INFO - 🎯 Base Position: $100.0
2026-06-15 02:58:14 - __main__ - INFO - 🧪 Testnet Mode: True
2026-06-15 02:58:14 - __main__ - INFO - ============================================================
2026-06-15 02:58:15 - binance_client.rest_client - INFO - Binance client initialized. Testnet mode: True
2026-06-15 02:58:15 - binance_client.rest_client - INFO - API connection successful
2026-06-15 02:58:16 - binance_client.rest_client - INFO - Account verified successfully
2026-06-15 02:58:16 - __main__ - INFO - Step size: 1e-05, Min quantity: 1e-05
2026-06-15 02:58:16 - __main__ - INFO - Tick size: 0.01
2026-06-15 02:58:16 - __main__ - INFO - ✅ Connected to Binance. Current price: $64767.9500
2026-06-15 02:58:16 - binance_client.rest_client - INFO - USDT balance: 10000.0
2026-06-15 02:58:16 - __main__ - INFO - 💰 Account USDT Balance: $10000.0000
2026-06-15 02:58:17 - trading.strategy - INFO - 🎯 Reference price set to $64767.95
2026-06-15 02:58:17 - binance_client.rest_client - INFO - Binance client initialized. Testnet mode: True
2026-06-15 02:58:18 - binance_client.rest_client - INFO - API connection successful
2026-06-15 02:58:18 - binance_client.rest_client - INFO - Account verified successfully
2026-06-15 02:58:18 - binance_client.price_poller - INFO - Price poller initialized for BTCUSDT (interval: 1.0s)
2026-06-15 02:58:18 - __main__ - INFO - ✅ Bot initialized successfully
2026-06-15 02:58:18 - __main__ - INFO - 📡 Using REST API polling for price data (interval: 1s)
2026-06-15 02:58:18 - __main__ - INFO - 🔧 Precision: Step=1e-05, Tick=0.01, MinQty=1e-05, MinNotional=$10.0
2026-06-15 02:58:18 - __main__ - INFO - ✅ PID saved to bot.pid: 11964
2026-06-15 02:58:18 - __main__ - INFO - Bot started. Waiting for price updates...
2026-06-15 03:01:07 - root - INFO - Logging to file: trading_bot.log
2026-06-15 03:01:07 - __main__ - INFO - ============================================================
2026-06-15 03:01:07 - __main__ - INFO - 🚀 Starting Binance Trading Bot - 2026-06-15 03:01:07
2026-06-15 03:01:07 - __main__ - INFO - 📊 Symbol: BTCUSDT
2026-06-15 03:01:07 - __main__ - INFO - 💰 Total Capital: $1000.0
2026-06-15 03:01:07 - __main__ - INFO - 🎯 Base Position: $100.0
2026-06-15 03:01:07 - __main__ - INFO - 🧪 Testnet Mode: True
2026-06-15 03:01:07 - __main__ - INFO - ============================================================
2026-06-15 03:01:08 - binance_client.rest_client - INFO - Binance client initialized. Testnet mode: True
2026-06-15 03:01:08 - binance_client.rest_client - INFO - API connection successful
2026-06-15 03:01:09 - binance_client.rest_client - INFO - Account verified successfully
2026-06-15 03:01:09 - __main__ - INFO - Step size: 1e-05, Min quantity: 1e-05
2026-06-15 03:01:09 - __main__ - INFO - Tick size: 0.01
2026-06-15 03:01:09 - __main__ - INFO - ✅ Connected to Binance. Current price: $64752.9700
2026-06-15 03:01:09 - binance_client.rest_client - INFO - USDT balance: 10000.0
2026-06-15 03:01:09 - __main__ - INFO - 💰 Account USDT Balance: $10000.0000
2026-06-15 03:01:10 - trading.strategy - INFO - 🎯 Reference price set to $64752.97
2026-06-15 03:01:10 - binance_client.rest_client - INFO - Binance client initialized. Testnet mode: True
2026-06-15 03:01:11 - binance_client.rest_client - INFO - API connection successful
2026-06-15 03:01:11 - binance_client.rest_client - INFO - Account verified successfully
2026-06-15 03:01:11 - binance_client.price_poller - INFO - Price poller initialized for BTCUSDT (interval: 1.0s)
2026-06-15 03:01:11 - __main__ - INFO - ✅ Bot initialized successfully
2026-06-15 03:01:11 - __main__ - INFO - 📡 Using REST API polling for price data (interval: 1s)
2026-06-15 03:01:11 - __main__ - INFO - 🔧 Precision: Step=1e-05, Tick=0.01, MinQty=1e-05, MinNotional=$10.0
2026-06-15 03:01:11 - __main__ - INFO - ✅ PID saved to bot.pid: 1632
2026-06-15 03:01:11 - __main__ - INFO - Bot started. Waiting for price updates...
2026-06-15 03:01:59 - root - INFO - Logging to file: trading_bot.log
2026-06-15 03:01:59 - __main__ - INFO - ============================================================
2026-06-15 03:01:59 - __main__ - INFO - 🚀 Starting Binance Trading Bot - 2026-06-15 03:01:59
2026-06-15 03:01:59 - __main__ - INFO - 📊 Symbol: BTCUSDT
2026-06-15 03:01:59 - __main__ - INFO - 💰 Total Capital: $1000.0
2026-06-15 03:01:59 - __main__ - INFO - 🎯 Base Position: $100.0
2026-06-15 03:01:59 - __main__ - INFO - 🧪 Testnet Mode: True
2026-06-15 03:01:59 - __main__ - INFO - ============================================================
2026-06-15 03:01:59 - binance_client.rest_client - INFO - Binance client initialized. Testnet mode: True
2026-06-15 03:02:00 - binance_client.rest_client - INFO - API connection successful
2026-06-15 03:02:00 - binance_client.rest_client - INFO - Account verified successfully
2026-06-15 03:02:00 - __main__ - INFO - Step size: 1e-05, Min quantity: 1e-05
2026-06-15 03:02:00 - __main__ - INFO - Tick size: 0.01
2026-06-15 03:02:00 - __main__ - INFO - ✅ Connected to Binance. Current price: $64711.9900
2026-06-15 03:02:01 - binance_client.rest_client - INFO - USDT balance: 10000.0
2026-06-15 03:02:01 - __main__ - INFO - 💰 Account USDT Balance: $10000.0000
2026-06-15 03:02:01 - trading.strategy - INFO - 🎯 Reference price set to $64711.99
2026-06-15 03:02:01 - binance_client.rest_client - INFO - Binance client initialized. Testnet mode: True
2026-06-15 03:02:02 - binance_client.rest_client - INFO - API connection successful
2026-06-15 03:02:02 - binance_client.rest_client - INFO - Account verified successfully
2026-06-15 03:02:02 - binance_client.price_poller - INFO - Price poller initialized for BTCUSDT (interval: 1.0s)
2026-06-15 03:02:02 - __main__ - INFO - ✅ Bot initialized successfully
2026-06-15 03:02:02 - __main__ - INFO - 📡 Using REST API polling for price data (interval: 1s)
2026-06-15 03:02:02 - __main__ - INFO - 🔧 Precision: Step=1e-05, Tick=0.01, MinQty=1e-05, MinNotional=$10.0
2026-06-15 03:02:02 - __main__ - INFO - ✅ PID saved to bot.pid: 13800
2026-06-15 03:02:02 - __main__ - INFO - Bot started. Waiting for price updates...
2026-06-15 03:05:10 - root - INFO - Logging to file: trading_bot.log
2026-06-15 03:05:10 - __main__ - INFO - ============================================================
2026-06-15 03:05:10 - __main__ - INFO - 🚀 Starting Binance Trading Bot - 2026-06-15 03:05:10
2026-06-15 03:05:10 - __main__ - INFO - 📊 Symbol: BTCUSDT
2026-06-15 03:05:10 - __main__ - INFO - 💰 Total Capital: $1000.0
2026-06-15 03:05:10 - __main__ - INFO - 🎯 Base Position: $100.0
2026-06-15 03:05:10 - __main__ - INFO - 🧪 Testnet Mode: True
2026-06-15 03:05:10 - __main__ - INFO - ============================================================
2026-06-15 03:05:11 - binance_client.rest_client - INFO - Binance client initialized. Testnet mode: True
2026-06-15 03:05:11 - binance_client.rest_client - INFO - API connection successful
2026-06-15 03:05:11 - binance_client.rest_client - INFO - Account verified successfully
2026-06-15 03:05:12 - __main__ - INFO - Step size: 1e-05, Min quantity: 1e-05
2026-06-15 03:05:12 - __main__ - INFO - Tick size: 0.01
2026-06-15 03:05:12 - __main__ - INFO - ✅ Connected to Binance. Current price: $64946.6800
2026-06-15 03:05:12 - binance_client.rest_client - INFO - USDT balance: 10000.0
2026-06-15 03:05:12 - __main__ - INFO - 💰 Account USDT Balance: $10000.0000
2026-06-15 03:05:12 - trading.strategy - INFO - 🎯 Reference price set to $64946.68
2026-06-15 03:05:13 - binance_client.rest_client - INFO - Binance client initialized. Testnet mode: True
2026-06-15 03:05:13 - binance_client.rest_client - INFO - API connection successful
2026-06-15 03:05:13 - binance_client.rest_client - INFO - Account verified successfully
2026-06-15 03:05:13 - binance_client.price_poller - INFO - Price poller initialized for BTCUSDT (interval: 1.0s)
2026-06-15 03:05:13 - __main__ - INFO - ✅ Bot initialized successfully
2026-06-15 03:05:13 - __main__ - INFO - 📡 Using REST API polling for price data (interval: 1s)
2026-06-15 03:05:13 - __main__ - INFO - 🔧 Precision: Step=1e-05, Tick=0.01, MinQty=1e-05, MinNotional=$10.0
2026-06-15 03:05:13 - __main__ - INFO - ✅ PID saved to bot.pid: 10132
2026-06-15 03:05:13 - __main__ - INFO - Bot started. Waiting for price updates...
2026-06-15 03:07:52 - root - INFO - Logging to file: trading_bot.log
2026-06-15 03:07:52 - __main__ - INFO - ============================================================
2026-06-15 03:07:52 - __main__ - INFO - 🚀 Starting Binance Trading Bot - 2026-06-15 03:07:52
2026-06-15 03:07:52 - __main__ - INFO - 📊 Symbol: BTCUSDT
2026-06-15 03:07:52 - __main__ - INFO - 💰 Total Capital: $1000.0
2026-06-15 03:07:52 - __main__ - INFO - 🎯 Base Position: $100.0
2026-06-15 03:07:52 - __main__ - INFO - 🧪 Testnet Mode: True
2026-06-15 03:07:52 - __main__ - INFO - ============================================================
2026-06-15 03:07:53 - binance_client.rest_client - INFO - Binance client initialized. Testnet mode: True
2026-06-15 03:07:53 - binance_client.rest_client - INFO - API connection successful
2026-06-15 03:07:53 - binance_client.rest_client - INFO - Account verified successfully
2026-06-15 03:07:53 - __main__ - INFO - Step size: 1e-05, Min quantity: 1e-05
2026-06-15 03:07:53 - __main__ - INFO - Tick size: 0.01
2026-06-15 03:07:54 - __main__ - INFO - ✅ Connected to Binance. Current price: $64881.5300
2026-06-15 03:07:54 - binance_client.rest_client - INFO - USDT balance: 10000.0
2026-06-15 03:07:54 - __main__ - INFO - 💰 Account USDT Balance: $10000.0000
2026-06-15 03:07:54 - trading.strategy - INFO - 🎯 Reference price set to $64881.53
2026-06-15 03:07:54 - binance_client.rest_client - INFO - Binance client initialized. Testnet mode: True
2026-06-15 03:07:55 - binance_client.rest_client - INFO - API connection successful
2026-06-15 03:07:55 - binance_client.rest_client - INFO - Account verified successfully
2026-06-15 03:07:55 - binance_client.price_poller - INFO - Price poller initialized for BTCUSDT (interval: 1.0s)
2026-06-15 03:07:55 - __main__ - INFO - ✅ Bot initialized successfully
2026-06-15 03:07:55 - __main__ - INFO - 📡 Using REST API polling for price data (interval: 1s)
2026-06-15 03:07:55 - __main__ - INFO - 🔧 Precision: Step=1e-05, Tick=0.01, MinQty=1e-05, MinNotional=$10.0
2026-06-15 03:07:55 - __main__ - INFO - ✅ PID saved to bot.pid: 13708
2026-06-15 03:07:55 - __main__ - INFO - Bot started. Waiting for price updates...
2026-06-15 03:10:07 - root - INFO - Logging to file: trading_bot.log
2026-06-15 03:10:07 - __main__ - INFO - ============================================================
2026-06-15 03:10:07 - __main__ - INFO - 🚀 Starting Binance Trading Bot - 2026-06-15 03:10:07
2026-06-15 03:10:07 - __main__ - INFO - 📊 Symbol: BTCUSDT
2026-06-15 03:10:07 - __main__ - INFO - 💰 Total Capital: $1000.0
2026-06-15 03:10:07 - __main__ - INFO - 🎯 Base Position: $100.0
2026-06-15 03:10:07 - __main__ - INFO - 🧪 Testnet Mode: True
2026-06-15 03:10:07 - __main__ - INFO - ============================================================
2026-06-15 03:10:08 - binance_client.rest_client - INFO - Binance client initialized. Testnet mode: True
2026-06-15 03:10:09 - binance_client.rest_client - INFO - API connection successful
2026-06-15 03:10:09 - binance_client.rest_client - INFO - Account verified successfully
2026-06-15 03:10:09 - __main__ - INFO - Step size: 1e-05, Min quantity: 1e-05
2026-06-15 03:10:09 - __main__ - INFO - Tick size: 0.01
2026-06-15 03:10:09 - __main__ - INFO - ✅ Connected to Binance. Current price: $64995.0700
2026-06-15 03:10:09 - binance_client.rest_client - INFO - USDT balance: 10000.0
2026-06-15 03:10:09 - __main__ - INFO - 💰 Account USDT Balance: $10000.0000
2026-06-15 03:10:09 - trading.strategy - INFO - 🎯 Reference price set to $64995.07
2026-06-15 03:10:10 - binance_client.rest_client - INFO - Binance client initialized. Testnet mode: True
2026-06-15 03:10:11 - binance_client.rest_client - INFO - API connection successful
2026-06-15 03:10:11 - binance_client.rest_client - INFO - Account verified successfully
2026-06-15 03:10:11 - binance_client.price_poller - INFO - Price poller initialized for BTCUSDT (interval: 1.0s)
2026-06-15 03:10:11 - __main__ - INFO - ✅ Bot initialized successfully
2026-06-15 03:10:11 - __main__ - INFO - 📡 Using REST API polling for price data (interval: 1s)
2026-06-15 03:10:11 - __main__ - INFO - 🔧 Precision: Step=1e-05, Tick=0.01, MinQty=1e-05, MinNotional=$10.0
2026-06-15 03:10:11 - __main__ - INFO - ✅ PID saved to bot.pid: 3004
2026-06-15 03:10:11 - __main__ - INFO - Bot started. Waiting for price updates...
2026-06-15 03:10:11 - binance_client.price_poller - INFO - ✅ Price poller started for BTCUSDT
2026-06-15 03:11:21 - trading.strategy - INFO - 📉 DUMP SIGNAL: Level 1 - Drop: 2.25% (Threshold: 2.0%)
2026-06-15 03:11:21 - trading.strategy - INFO -    Reference: $64995.07 → Current: $63535.81
2026-06-15 03:11:21 - __main__ - INFO - [32m🔔 BUY SIGNAL DETECTED - Level 1 @ $63535.8100[0m
2026-06-15 03:11:21 - binance_client.rest_client - INFO - USDT balance: 10000.0
2026-06-15 03:11:21 - __main__ - INFO - 💰 Attempting BUY: 0.00157000 BTCUSDT @ $63535.8100
2026-06-15 03:11:22 - binance_client.rest_client - INFO - USDT balance: 10000.0
2026-06-15 03:11:22 - trading.strategy - INFO - 💰 Executing BUY Level 1:
2026-06-15 03:11:22 - trading.strategy - INFO -    Amount: $99.75
2026-06-15 03:11:22 - trading.strategy - INFO -    Price: $63535.81
2026-06-15 03:11:22 - trading.strategy - INFO -    Quantity: 0.00157000
2026-06-15 03:11:22 - trading.strategy - INFO -    Order Value: $99.75
2026-06-15 03:11:22 - binance_client.rest_client - INFO - Market order executed: BUY 0.00157 BTCUSDT
2026-06-15 03:11:22 - trading.strategy - INFO - ✅ BUY EXECUTED: Level 1 - 0.00157000 BTCUSDT @ $63535.81
2026-06-15 03:11:22 - trading.strategy - INFO -    Position: 0.00157000 tokens @ $63535.81 avg
2026-06-15 03:11:22 - binance_client.rest_client - INFO - USDT balance: 9899.9398471
2026-06-15 03:11:25 - trading.strategy - INFO - 📈 SPIKE SIGNAL: Level 1 - Spike: 2.69% (Threshold: 2.0%)
2026-06-15 03:11:25 - trading.strategy - INFO -    Avg Cost: $63535.81 → Current: $65247.38
2026-06-15 03:11:25 - __main__ - INFO - [33m🔔 SELL SIGNAL DETECTED - Level 1 @ $65247.3800[0m
2026-06-15 03:11:25 - __main__ - INFO - 💰 Attempting SELL: 0.00039000 BTCUSDT @ $65247.3800
2026-06-15 03:11:25 - trading.strategy - INFO - 💰 Executing SELL Level 1:
2026-06-15 03:11:25 - trading.strategy - INFO -    Percentage: 25.0% of position
2026-06-15 03:11:25 - trading.strategy - INFO -    Quantity: 0.00039000
2026-06-15 03:11:25 - trading.strategy - INFO -    Price: $65247.38
2026-06-15 03:11:25 - trading.strategy - INFO -    Expected Profit: $0.67
2026-06-15 03:11:25 - binance_client.rest_client - INFO - Market order executed: SELL 0.00039 BTCUSDT
2026-06-15 03:11:25 - trading.strategy - INFO - ✅ SELL EXECUTED: Level 1 - 0.00039000 BTCUSDT @ $65247.38
2026-06-15 03:11:25 - trading.strategy - INFO -    Profit on this sale: $0.67
2026-06-15 03:11:26 - binance_client.rest_client - INFO - USDT balance: 9925.3863253
2026-06-15 03:16:23 - trading.strategy - INFO - 📉 DUMP SIGNAL: Level 2 - Drop: 7.09% (Threshold: 4.0%)
2026-06-15 03:16:23 - trading.strategy - INFO -    Reference: $64995.07 → Current: $60388.89
2026-06-15 03:16:23 - __main__ - INFO - [32m🔔 BUY SIGNAL DETECTED - Level 2 @ $60388.8900[0m
2026-06-15 03:16:23 - binance_client.rest_client - INFO - USDT balance: 9925.3863253
2026-06-15 03:16:23 - __main__ - INFO - 💰 Attempting BUY: 0.00331000 BTCUSDT @ $60388.8900
2026-06-15 03:16:23 - binance_client.rest_client - INFO - USDT balance: 9925.3863253
2026-06-15 03:16:23 - trading.strategy - INFO - 💰 Executing BUY Level 2:
2026-06-15 03:16:23 - trading.strategy - INFO -    Amount: $199.89
2026-06-15 03:16:23 - trading.strategy - INFO -    Price: $60388.89
2026-06-15 03:16:23 - trading.strategy - INFO -    Quantity: 0.00331000
2026-06-15 03:16:23 - trading.strategy - INFO -    Order Value: $199.89
2026-06-15 03:16:23 - binance_client.rest_client - INFO - Market order executed: BUY 0.00331 BTCUSDT
2026-06-15 03:16:23 - trading.strategy - INFO - ✅ BUY EXECUTED: Level 2 - 0.00331000 BTCUSDT @ $60388.89
2026-06-15 03:16:23 - trading.strategy - INFO -    Position: 0.00449000 tokens @ $61215.92 avg
2026-06-15 03:16:24 - binance_client.rest_client - INFO - USDT balance: 9713.0052437
2026-06-15 03:16:25 - trading.strategy - INFO - 📈 SPIKE SIGNAL: Level 2 - Spike: 6.68% (Threshold: 4.0%)
2026-06-15 03:16:25 - trading.strategy - INFO -    Avg Cost: $61215.92 → Current: $65307.72
2026-06-15 03:16:25 - __main__ - INFO - [33m🔔 SELL SIGNAL DETECTED - Level 2 @ $65307.7200[0m
2026-06-15 03:16:25 - __main__ - INFO - 💰 Attempting SELL: 0.00112000 BTCUSDT @ $65307.7200
2026-06-15 03:16:25 - trading.strategy - INFO - 💰 Executing SELL Level 2:
2026-06-15 03:16:25 - trading.strategy - INFO -    Percentage: 25.0% of position
2026-06-15 03:16:25 - trading.strategy - INFO -    Quantity: 0.00112000
2026-06-15 03:16:25 - trading.strategy - INFO -    Price: $65307.72
2026-06-15 03:16:25 - trading.strategy - INFO -    Expected Profit: $4.58
2026-06-15 03:16:25 - binance_client.rest_client - INFO - Market order executed: SELL 0.00112 BTCUSDT
2026-06-15 03:16:25 - trading.strategy - INFO - ✅ SELL EXECUTED: Level 2 - 0.00112000 BTCUSDT @ $65307.72
2026-06-15 03:16:25 - trading.strategy - INFO -    Profit on this sale: $4.58
2026-06-15 03:16:25 - binance_client.rest_client - INFO - USDT balance: 9783.8023189
2026-06-15 03:16:29 - trading.strategy - INFO - 📉 DUMP SIGNAL: Level 3 - Drop: 6.15% (Threshold: 6.0%)
2026-06-15 03:16:29 - trading.strategy - INFO -    Reference: $64995.07 → Current: $61000.00
2026-06-15 03:16:29 - __main__ - INFO - [32m🔔 BUY SIGNAL DETECTED - Level 3 @ $61000.0000[0m
2026-06-15 03:16:29 - binance_client.rest_client - INFO - USDT balance: 9783.8023189
2026-06-15 03:16:29 - __main__ - INFO - 💰 Attempting BUY: 0.00655000 BTCUSDT @ $61000.0000
2026-06-15 03:16:29 - binance_client.rest_client - INFO - USDT balance: 9783.8023189
2026-06-15 03:16:29 - trading.strategy - INFO - 💰 Executing BUY Level 3:
2026-06-15 03:16:29 - trading.strategy - INFO -    Amount: $399.55
2026-06-15 03:16:29 - trading.strategy - INFO -    Price: $61000.00
2026-06-15 03:16:29 - trading.strategy - INFO -    Quantity: 0.00655000
2026-06-15 03:16:29 - trading.strategy - INFO -    Order Value: $399.55
2026-06-15 03:16:29 - binance_client.rest_client - INFO - Market order executed: BUY 0.00655 BTCUSDT
2026-06-15 03:16:29 - trading.strategy - INFO - ✅ BUY EXECUTED: Level 3 - 0.00655000 BTCUSDT @ $61000.00
2026-06-15 03:16:29 - trading.strategy - INFO -    Position: 0.00992000 tokens @ $61073.35 avg
2026-06-15 03:16:29 - binance_client.rest_client - INFO - USDT balance: 9370.5693621
2026-06-15 03:16:34 - trading.strategy - INFO - 📈 SPIKE SIGNAL: Level 3 - Spike: 6.92% (Threshold: 6.0%)
2026-06-15 03:16:34 - trading.strategy - INFO -    Avg Cost: $61073.35 → Current: $65300.01
2026-06-15 03:16:34 - __main__ - INFO - [33m🔔 SELL SIGNAL DETECTED - Level 3 @ $65300.0100[0m
2026-06-15 03:16:34 - __main__ - INFO - 💰 Attempting SELL: 0.00248000 BTCUSDT @ $65300.0100
2026-06-15 03:16:34 - trading.strategy - INFO - 💰 Executing SELL Level 3:
2026-06-15 03:16:34 - trading.strategy - INFO -    Percentage: 25.0% of position
2026-06-15 03:16:34 - trading.strategy - INFO -    Quantity: 0.00248000
2026-06-15 03:16:34 - trading.strategy - INFO -    Price: $65300.01
2026-06-15 03:16:34 - trading.strategy - INFO -    Expected Profit: $10.48
2026-06-15 03:16:34 - binance_client.rest_client - INFO - Market order executed: SELL 0.00248 BTCUSDT
2026-06-15 03:16:34 - trading.strategy - INFO - ✅ SELL EXECUTED: Level 3 - 0.00248000 BTCUSDT @ $65300.01
2026-06-15 03:16:34 - trading.strategy - INFO -    Profit on this sale: $10.48
2026-06-15 03:16:34 - binance_client.rest_client - INFO - USDT balance: 9532.5133621
2026-06-15 03:17:25 - __main__ - INFO - 🛑 Stopping bot...
2026-06-15 03:17:25 - binance_client.price_poller - INFO - Price poller stopped
2026-06-15 03:17:25 - __main__ - INFO - ✅ PID file removed: bot.pid
2026-06-15 03:17:25 - __main__ - INFO - ⏱️ Runtime: 0:07:14.209145
2026-06-15 03:17:25 - __main__ - INFO - 📊 Total price updates: 374
2026-06-15 03:17:25 - __main__ - INFO - ⚡ Total signals: 6
2026-06-16 12:15:42 - root - INFO - Logging to file: trading_bot.log
2026-06-16 12:15:42 - __main__ - INFO - ============================================================
2026-06-16 12:15:42 - __main__ - INFO - 🚀 Starting Binance Trading Bot - 2026-06-16 12:15:42
2026-06-16 12:15:42 - __main__ - INFO - 📊 Symbol: BTCUSDT
2026-06-16 12:15:42 - __main__ - INFO - 💰 Total Capital: $1000.0
2026-06-16 12:15:42 - __main__ - INFO - 🎯 Base Position: $100.0
2026-06-16 12:15:42 - __main__ - INFO - 🧪 Testnet Mode: True
2026-06-16 12:15:42 - __main__ - INFO - ============================================================
2026-06-16 12:15:43 - binance_client.rest_client - INFO - Binance client initialized. Testnet mode: True
2026-06-16 12:15:43 - binance_client.rest_client - INFO - API connection successful
2026-06-16 12:15:43 - binance_client.rest_client - INFO - Account verified successfully
2026-06-16 12:15:44 - __main__ - INFO - Step size: 1e-05, Min quantity: 1e-05
2026-06-16 12:15:44 - __main__ - INFO - Tick size: 0.01
2026-06-16 12:15:44 - __main__ - INFO - ✅ Connected to Binance. Current price: $66401.5900
2026-06-16 12:15:44 - binance_client.rest_client - INFO - USDT balance: 9532.5133621
2026-06-16 12:15:44 - __main__ - INFO - 💰 Account USDT Balance: $9532.5134
2026-06-16 12:15:44 - trading.strategy - INFO - 🎯 Reference price set to $66401.59
2026-06-16 12:15:45 - binance_client.rest_client - INFO - Binance client initialized. Testnet mode: True
2026-06-16 12:15:45 - binance_client.rest_client - INFO - API connection successful
2026-06-16 12:15:45 - binance_client.rest_client - INFO - Account verified successfully
2026-06-16 12:15:45 - binance_client.price_poller - INFO - Price poller initialized for BTCUSDT (interval: 1.0s)
2026-06-16 12:15:45 - __main__ - INFO - ✅ Bot initialized successfully
2026-06-16 12:15:45 - __main__ - INFO - 📡 Using REST API polling for price data (interval: 1s)
2026-06-16 12:15:45 - __main__ - INFO - 🔧 Precision: Step=1e-05, Tick=0.01, MinQty=1e-05, MinNotional=$10.0
2026-06-16 12:15:45 - __main__ - INFO - ✅ PID saved to bot.pid: 7248
2026-06-16 12:15:45 - __main__ - INFO - Bot started. Waiting for price updates...
2026-06-16 12:15:45 - binance_client.price_poller - INFO - ✅ Price poller started for BTCUSDT
2026-06-16 12:23:28 - __main__ - INFO - 🛑 Stopping bot...
2026-06-16 12:23:29 - binance_client.price_poller - INFO - Price poller stopped
2026-06-16 12:23:29 - __main__ - INFO - ✅ PID file removed: bot.pid
2026-06-16 12:23:29 - __main__ - INFO - ⏱️ Runtime: 0:07:43.348437
2026-06-16 12:23:29 - __main__ - INFO - 📊 Total price updates: 402
2026-06-16 12:23:29 - __main__ - INFO - ⚡ Total signals: 0
2026-06-16 13:29:16 - root - INFO - Logging to file: trading_bot.log
2026-06-16 13:29:16 - __main__ - INFO - ============================================================
2026-06-16 13:29:16 - __main__ - INFO - 🚀 Starting Binance Trading Bot - 2026-06-16 13:29:16
2026-06-16 13:29:16 - __main__ - INFO - 📊 Symbol: BTCUSDT
2026-06-16 13:29:16 - __main__ - INFO - 💰 Total Capital: $1000.0
2026-06-16 13:29:16 - __main__ - INFO - 🎯 Base Position: $100.0
2026-06-16 13:29:16 - __main__ - INFO - 🧪 Testnet Mode: True
2026-06-16 13:29:16 - __main__ - INFO - ============================================================
2026-06-16 13:29:16 - binance_client.rest_client - INFO - Binance client initialized. Testnet mode: True
2026-06-16 13:29:17 - binance_client.rest_client - INFO - API connection successful
2026-06-16 13:29:17 - binance_client.rest_client - INFO - Account verified successfully
2026-06-16 13:29:17 - __main__ - INFO - Step size: 1e-05, Min quantity: 1e-05
2026-06-16 13:29:17 - __main__ - INFO - Tick size: 0.01
2026-06-16 13:29:18 - __main__ - INFO - ✅ Connected to Binance. Current price: $66370.0000
2026-06-16 13:29:18 - binance_client.rest_client - INFO - USDT balance: 9532.5133621
2026-06-16 13:29:18 - __main__ - INFO - 💰 Account USDT Balance: $9532.5134
2026-06-16 13:29:18 - trading.strategy - INFO - 🎯 Reference price set to $66370.00
2026-06-16 13:29:54 - root - INFO - Logging to file: trading_bot.log
2026-06-16 13:29:54 - __main__ - INFO - ============================================================
2026-06-16 13:29:54 - __main__ - INFO - 🚀 Starting Binance Trading Bot - 2026-06-16 13:29:54
2026-06-16 13:29:54 - __main__ - INFO - 📊 Symbol: BTCUSDT
2026-06-16 13:29:54 - __main__ - INFO - 💰 Total Capital: $1000.0
2026-06-16 13:29:54 - __main__ - INFO - 🎯 Base Position: $100.0
2026-06-16 13:29:54 - __main__ - INFO - 🧪 Testnet Mode: True
2026-06-16 13:29:54 - __main__ - INFO - ============================================================
2026-06-16 13:29:54 - binance_client.rest_client - INFO - Binance client initialized. Testnet mode: True
2026-06-16 13:29:55 - binance_client.rest_client - INFO - API connection successful
2026-06-16 13:29:55 - binance_client.rest_client - INFO - Account verified successfully
2026-06-16 13:29:55 - __main__ - INFO - Step size: 1e-05, Min quantity: 1e-05
2026-06-16 13:29:55 - __main__ - INFO - Tick size: 0.01
2026-06-16 13:29:55 - __main__ - INFO - ✅ Connected to Binance. Current price: $66370.0100
2026-06-16 13:29:56 - binance_client.rest_client - INFO - USDT balance: 9532.5133621
2026-06-16 13:29:56 - __main__ - INFO - 💰 Account USDT Balance: $9532.5134
2026-06-16 13:29:56 - trading.strategy - INFO - 🎯 Reference price set to $66370.01
2026-06-16 13:29:56 - binance_client.rest_client - INFO - Binance client initialized. Testnet mode: True
2026-06-16 13:29:57 - binance_client.rest_client - INFO - API connection successful
2026-06-16 13:29:57 - binance_client.rest_client - INFO - Account verified successfully
2026-06-16 13:29:57 - binance_client.price_poller - INFO - Price poller initialized for BTCUSDT (interval: 1.0s)
2026-06-16 13:29:57 - __main__ - INFO - ✅ Bot initialized successfully
2026-06-16 13:29:57 - __main__ - INFO - 📡 Using REST API polling for price data (interval: 1s)
2026-06-16 13:29:57 - __main__ - INFO - 🔧 Precision: Step=1e-05, Tick=0.01, MinQty=1e-05, MinNotional=$10.0
2026-06-16 13:29:57 - __main__ - INFO - ✅ PID saved to bot.pid: 13164
2026-06-16 13:29:57 - __main__ - INFO - Bot started. Waiting for price updates...
2026-06-16 13:29:57 - binance_client.price_poller - INFO - ✅ Price poller started for BTCUSDT
2026-06-16 13:32:05 - root - INFO - Logging to file: trading_bot.log
2026-06-16 13:32:05 - __main__ - INFO - ============================================================
2026-06-16 13:32:05 - __main__ - INFO - 🚀 Starting Binance Trading Bot - 2026-06-16 13:32:05
2026-06-16 13:32:05 - __main__ - INFO - 📊 Symbol: BTCUSDT
2026-06-16 13:32:05 - __main__ - INFO - 💰 Total Capital: $1000.0
2026-06-16 13:32:05 - __main__ - INFO - 🎯 Base Position: $100.0
2026-06-16 13:32:05 - __main__ - INFO - 🧪 Testnet Mode: True
2026-06-16 13:32:05 - __main__ - INFO - ============================================================
2026-06-16 13:32:06 - binance_client.rest_client - INFO - Binance client initialized. Testnet mode: True
2026-06-16 13:32:06 - binance_client.rest_client - INFO - API connection successful
2026-06-16 13:32:06 - binance_client.rest_client - INFO - Account verified successfully
2026-06-16 13:32:06 - __main__ - INFO - Step size: 1e-05, Min quantity: 1e-05
2026-06-16 13:32:06 - __main__ - INFO - Tick size: 0.01
2026-06-16 13:32:07 - __main__ - INFO - ✅ Connected to Binance. Current price: $66436.5400
2026-06-16 13:32:07 - binance_client.rest_client - INFO - USDT balance: 9532.5133621
2026-06-16 13:32:07 - __main__ - INFO - 💰 Account USDT Balance: $9532.5134
2026-06-16 13:32:07 - trading.strategy - INFO - 🎯 Reference price set to $66436.54
2026-06-16 13:32:07 - binance_client.rest_client - INFO - Binance client initialized. Testnet mode: True
2026-06-16 13:32:08 - binance_client.rest_client - INFO - API connection successful
2026-06-16 13:32:08 - binance_client.rest_client - INFO - Account verified successfully
2026-06-16 13:32:08 - binance_client.price_poller - INFO - Price poller initialized for BTCUSDT (interval: 1.0s)
2026-06-16 13:32:08 - __main__ - INFO - ✅ Bot initialized successfully
2026-06-16 13:32:08 - __main__ - INFO - 📡 Using REST API polling for price data (interval: 1s)
2026-06-16 13:32:08 - __main__ - INFO - 🔧 Precision: Step=1e-05, Tick=0.01, MinQty=1e-05, MinNotional=$10.0
2026-06-16 13:32:08 - __main__ - INFO - ✅ PID saved to bot.pid: 12704
2026-06-16 13:32:08 - __main__ - INFO - Bot started. Waiting for price updates...
2026-06-16 13:32:08 - binance_client.price_poller - INFO - ✅ Price poller started for BTCUSDT
2026-06-16 19:16:38 - root - INFO - Logging to file: trading_bot.log
2026-06-16 19:16:38 - __main__ - INFO - ============================================================
2026-06-16 19:16:38 - __main__ - INFO - 🚀 Starting Binance Trading Bot - 2026-06-16 19:16:38
2026-06-16 19:16:38 - __main__ - INFO - 📊 Symbol: BTCUSDT
2026-06-16 19:16:38 - __main__ - INFO - 💰 Total Capital: $1000.0
2026-06-16 19:16:38 - __main__ - INFO - 🎯 Base Position: $100.0
2026-06-16 19:16:38 - __main__ - INFO - 🧪 Testnet Mode: True
2026-06-16 19:16:38 - __main__ - INFO - ============================================================
2026-06-16 19:16:39 - binance_client.rest_client - INFO - Binance client initialized. Testnet mode: True
2026-06-16 19:16:39 - binance_client.rest_client - INFO - API connection successful
2026-06-16 19:16:39 - binance_client.rest_client - INFO - Account verified successfully
2026-06-16 19:16:40 - __main__ - INFO - Step size: 1e-05, Min quantity: 1e-05
2026-06-16 19:16:40 - __main__ - INFO - Tick size: 0.01
2026-06-16 19:16:40 - __main__ - INFO - ✅ Connected to Binance. Current price: $66100.0100
2026-06-16 19:16:40 - binance_client.rest_client - INFO - USDT balance: 9532.5133621
2026-06-16 19:16:40 - __main__ - INFO - 💰 Account USDT Balance: $9532.5134
2026-06-16 19:16:40 - trading.strategy - INFO - 🎯 Reference price set to $66100.01
2026-06-16 19:16:41 - binance_client.rest_client - INFO - Binance client initialized. Testnet mode: True
2026-06-16 19:16:41 - binance_client.rest_client - INFO - API connection successful
2026-06-16 19:16:41 - binance_client.rest_client - INFO - Account verified successfully
2026-06-16 19:16:41 - binance_client.price_poller - INFO - Price poller initialized for BTCUSDT (interval: 1.0s)
2026-06-16 19:16:41 - __main__ - INFO - ✅ Bot initialized successfully
2026-06-16 19:16:41 - __main__ - INFO - 📡 Using REST API polling for price data (interval: 1s)
2026-06-16 19:16:41 - __main__ - INFO - 🔧 Precision: Step=1e-05, Tick=0.01, MinQty=1e-05, MinNotional=$10.0
2026-06-16 19:16:41 - __main__ - INFO - ✅ PID saved to bot.pid: 3728
2026-06-16 19:16:41 - __main__ - INFO - Bot started. Waiting for price updates...
2026-06-16 19:16:41 - binance_client.price_poller - INFO - ✅ Price poller started for BTCUSDT
2026-06-16 19:24:27 - root - INFO - Logging to file: trading_bot.log
2026-06-16 19:24:27 - __main__ - INFO - ============================================================
2026-06-16 19:24:27 - __main__ - INFO - 🚀 Starting Binance Trading Bot - 2026-06-16 19:24:27
2026-06-16 19:24:27 - __main__ - INFO - 📊 Symbol: BTCUSDT
2026-06-16 19:24:27 - __main__ - INFO - 💰 Total Capital: $1000.0
2026-06-16 19:24:27 - __main__ - INFO - 🎯 Base Position: $100.0
2026-06-16 19:24:27 - __main__ - INFO - 🧪 Testnet Mode: True
2026-06-16 19:24:27 - __main__ - INFO - ============================================================
2026-06-16 19:24:27 - binance_client.rest_client - INFO - Binance client initialized. Testnet mode: True
2026-06-16 19:24:28 - binance_client.rest_client - INFO - API connection successful
2026-06-16 19:24:28 - binance_client.rest_client - INFO - Account verified successfully
2026-06-16 19:24:28 - __main__ - INFO - Step size: 1e-05, Min quantity: 1e-05
2026-06-16 19:24:28 - __main__ - INFO - Tick size: 0.01
2026-06-16 19:24:29 - __main__ - INFO - ✅ Connected to Binance. Current price: $66065.9900
2026-06-16 19:24:29 - binance_client.rest_client - INFO - USDT balance: 9532.5133621
2026-06-16 19:24:29 - __main__ - INFO - 💰 Account USDT Balance: $9532.5134
2026-06-16 19:24:29 - trading.strategy - INFO - 🎯 Reference price set to $66065.99
2026-06-16 19:24:29 - binance_client.rest_client - INFO - Binance client initialized. Testnet mode: True
2026-06-16 19:24:30 - binance_client.rest_client - INFO - API connection successful
2026-06-16 19:24:30 - binance_client.rest_client - INFO - Account verified successfully
2026-06-16 19:24:30 - binance_client.price_poller - INFO - Price poller initialized for BTCUSDT (interval: 1.0s)
2026-06-16 19:24:30 - __main__ - INFO - ✅ Bot initialized successfully
2026-06-16 19:24:30 - __main__ - INFO - 📡 Using REST API polling for price data (interval: 1s)
2026-06-16 19:24:30 - __main__ - INFO - 🔧 Precision: Step=1e-05, Tick=0.01, MinQty=1e-05, MinNotional=$10.0
2026-06-16 19:24:30 - __main__ - INFO - ✅ PID saved to bot.pid: 3012
2026-06-16 19:24:30 - __main__ - INFO - Bot started. Waiting for price updates...
2026-06-16 19:24:30 - binance_client.price_poller - INFO - ✅ Price poller started for BTCUSDT
2026-06-16 19:25:09 - root - INFO - Logging to file: trading_bot.log
2026-06-16 19:25:09 - __main__ - INFO - ============================================================
2026-06-16 19:25:09 - __main__ - INFO - 🚀 Starting Binance Trading Bot - 2026-06-16 19:25:09
2026-06-16 19:25:09 - __main__ - INFO - 📊 Symbol: BTCUSDT
2026-06-16 19:25:09 - __main__ - INFO - 💰 Total Capital: $1000.0
2026-06-16 19:25:09 - __main__ - INFO - 🎯 Base Position: $100.0
2026-06-16 19:25:09 - __main__ - INFO - 🧪 Testnet Mode: True
2026-06-16 19:25:09 - __main__ - INFO - ============================================================
2026-06-16 19:25:10 - binance_client.rest_client - INFO - Binance client initialized. Testnet mode: True
2026-06-16 19:25:10 - binance_client.rest_client - INFO - API connection successful
2026-06-16 19:25:11 - binance_client.rest_client - INFO - Account verified successfully
2026-06-16 19:25:11 - __main__ - INFO - Step size: 1e-05, Min quantity: 1e-05
2026-06-16 19:25:11 - __main__ - INFO - Tick size: 0.01
2026-06-16 19:25:11 - __main__ - INFO - ✅ Connected to Binance. Current price: $66038.0100
2026-06-16 19:25:11 - binance_client.rest_client - INFO - USDT balance: 9532.5133621
2026-06-16 19:25:11 - __main__ - INFO - 💰 Account USDT Balance: $9532.5134
2026-06-16 19:25:12 - trading.strategy - INFO - 🎯 Reference price set to $66038.01
2026-06-16 19:25:12 - binance_client.rest_client - INFO - Binance client initialized. Testnet mode: True
2026-06-16 19:25:13 - binance_client.rest_client - INFO - API connection successful
2026-06-16 19:25:13 - binance_client.rest_client - INFO - Account verified successfully
2026-06-16 19:25:13 - binance_client.price_poller - INFO - Price poller initialized for BTCUSDT (interval: 1.0s)
2026-06-16 19:25:13 - __main__ - INFO - ✅ Bot initialized successfully
2026-06-16 19:25:13 - __main__ - INFO - 📡 Using REST API polling for price data (interval: 1s)
2026-06-16 19:25:13 - __main__ - INFO - 🔧 Precision: Step=1e-05, Tick=0.01, MinQty=1e-05, MinNotional=$10.0
2026-06-16 19:25:13 - __main__ - INFO - ✅ PID saved to bot.pid: 13208
2026-06-16 19:25:13 - __main__ - INFO - Bot started. Waiting for price updates...
2026-06-16 19:25:13 - binance_client.price_poller - INFO - ✅ Price poller started for BTCUSDT
2026-06-16 19:31:17 - __main__ - INFO - 🛑 Stopping bot...
2026-06-16 19:31:18 - binance_client.price_poller - INFO - Price poller stopped
2026-06-16 19:31:18 - __main__ - INFO - ✅ PID file removed: bot.pid
2026-06-16 19:31:18 - __main__ - INFO - ⏱️ Runtime: 0:06:05.392816
2026-06-16 19:31:18 - __main__ - INFO - 📊 Total price updates: 317
2026-06-16 19:31:18 - __main__ - INFO - ⚡ Total signals: 0
2026-06-16 19:32:13 - root - INFO - Logging to file: trading_bot.log
2026-06-16 19:32:13 - __main__ - INFO - ============================================================
2026-06-16 19:32:13 - __main__ - INFO - 🚀 Starting Binance Trading Bot - 2026-06-16 19:32:13
2026-06-16 19:32:13 - __main__ - INFO - 📊 Symbol: BTCUSDT
2026-06-16 19:32:13 - __main__ - INFO - 💰 Total Capital: $1000.0
2026-06-16 19:32:13 - __main__ - INFO - 🎯 Base Position: $100.0
2026-06-16 19:32:13 - __main__ - INFO - 🧪 Testnet Mode: True
2026-06-16 19:32:13 - __main__ - INFO - ============================================================
2026-06-16 19:32:14 - binance_client.rest_client - INFO - Binance client initialized. Testnet mode: True
2026-06-16 19:32:14 - binance_client.rest_client - INFO - API connection successful
2026-06-16 19:32:15 - binance_client.rest_client - INFO - Account verified successfully
2026-06-16 19:32:15 - __main__ - INFO - Step size: 1e-05, Min quantity: 1e-05
2026-06-16 19:32:15 - __main__ - INFO - Tick size: 0.01
2026-06-16 19:32:15 - __main__ - INFO - ✅ Connected to Binance. Current price: $66139.9700
2026-06-16 19:32:15 - binance_client.rest_client - INFO - USDT balance: 9532.5133621
2026-06-16 19:32:15 - __main__ - INFO - 💰 Account USDT Balance: $9532.5134
2026-06-16 19:32:15 - trading.strategy - INFO - 🎯 Reference price set to $66139.97
2026-06-16 19:32:16 - binance_client.rest_client - INFO - Binance client initialized. Testnet mode: True
2026-06-16 19:32:16 - binance_client.rest_client - INFO - API connection successful
2026-06-16 19:32:17 - binance_client.rest_client - INFO - Account verified successfully
2026-06-16 19:32:17 - binance_client.price_poller - INFO - Price poller initialized for BTCUSDT (interval: 1.0s)
2026-06-16 19:32:17 - __main__ - INFO - ✅ Bot initialized successfully
2026-06-16 19:32:17 - __main__ - INFO - 📡 Using REST API polling for price data (interval: 1s)
2026-06-16 19:32:17 - __main__ - INFO - 🔧 Precision: Step=1e-05, Tick=0.01, MinQty=1e-05, MinNotional=$10.0
2026-06-16 19:32:17 - __main__ - INFO - ✅ PID saved to bot.pid: 7520
2026-06-16 19:32:17 - __main__ - INFO - Bot started. Waiting for price updates...
2026-06-16 19:32:17 - binance_client.price_poller - INFO - ✅ Price poller started for BTCUSDT
2026-06-16 19:43:04 - trading.strategy - INFO - 📉 DUMP SIGNAL: Level 1 - Drop: 10.34% (Threshold: 2.0%)
2026-06-16 19:43:04 - trading.strategy - INFO -    Reference: $66139.97 → Current: $59300.29
2026-06-16 19:43:04 - __main__ - INFO - [32m🔔 BUY SIGNAL DETECTED - Level 1 @ $59300.2900[0m
2026-06-16 19:43:05 - binance_client.rest_client - INFO - USDT balance: 9532.5133621
2026-06-16 19:43:05 - __main__ - INFO - 💰 Attempting BUY: 0.00168000 BTCUSDT @ $59300.2900
2026-06-16 19:43:05 - binance_client.rest_client - INFO - USDT balance: 9532.5133621
2026-06-16 19:43:05 - trading.strategy - INFO - 💰 Executing BUY Level 1:
2026-06-16 19:43:05 - trading.strategy - INFO -    Amount: $99.62
2026-06-16 19:43:05 - trading.strategy - INFO -    Price: $59300.29
2026-06-16 19:43:05 - trading.strategy - INFO -    Quantity: 0.00168000
2026-06-16 19:43:05 - trading.strategy - INFO -    Order Value: $99.62
2026-06-16 19:43:05 - binance_client.rest_client - INFO - Market order executed: BUY 0.00168 BTCUSDT
2026-06-16 19:43:05 - trading.strategy - INFO - ✅ BUY EXECUTED: Level 1 - 0.00168000 BTCUSDT @ $59300.29
2026-06-16 19:43:05 - trading.strategy - INFO -    Position: 0.00168000 tokens @ $59300.29 avg
2026-06-16 19:43:05 - binance_client.rest_client - INFO - USDT balance: 9427.6274341
2026-06-16 19:43:07 - trading.strategy - INFO - 📉 DUMP SIGNAL: Level 2 - Drop: 5.61% (Threshold: 4.0%)
2026-06-16 19:43:07 - trading.strategy - INFO -    Reference: $66139.97 → Current: $62432.10
2026-06-16 19:43:07 - trading.strategy - INFO - 📈 SPIKE SIGNAL: Level 1 - Spike: 5.28% (Threshold: 2.0%)
2026-06-16 19:43:07 - trading.strategy - INFO -    Avg Cost: $59300.29 → Current: $62432.10
2026-06-16 19:43:07 - __main__ - INFO - [32m🔔 BUY SIGNAL DETECTED - Level 2 @ $62432.1000[0m
2026-06-16 19:43:07 - binance_client.rest_client - INFO - USDT balance: 9427.6274341
2026-06-16 19:43:07 - __main__ - INFO - 💰 Attempting BUY: 0.00320000 BTCUSDT @ $62432.1000
2026-06-16 19:43:07 - binance_client.rest_client - INFO - USDT balance: 9427.6274341
2026-06-16 19:43:07 - trading.strategy - INFO - 💰 Executing BUY Level 2:
2026-06-16 19:43:07 - trading.strategy - INFO -    Amount: $199.78
2026-06-16 19:43:07 - trading.strategy - INFO -    Price: $62432.10
2026-06-16 19:43:07 - trading.strategy - INFO -    Quantity: 0.00320000
2026-06-16 19:43:07 - trading.strategy - INFO -    Order Value: $199.78
2026-06-16 19:43:07 - binance_client.rest_client - INFO - Market order executed: BUY 0.0032 BTCUSDT
2026-06-16 19:43:07 - trading.strategy - INFO - ✅ BUY EXECUTED: Level 2 - 0.00320000 BTCUSDT @ $62432.10
2026-06-16 19:43:07 - trading.strategy - INFO -    Position: 0.00488000 tokens @ $61353.94 avg
2026-06-16 19:43:07 - binance_client.rest_client - INFO - USDT balance: 9223.5914384
2026-06-16 19:43:07 - __main__ - INFO - [33m🔔 SELL SIGNAL DETECTED - Level 1 @ $62432.1000[0m
2026-06-16 19:43:07 - __main__ - INFO - 💰 Attempting SELL: 0.00122000 BTCUSDT @ $62432.1000
2026-06-16 19:43:07 - trading.strategy - INFO - 💰 Executing SELL Level 1:
2026-06-16 19:43:07 - trading.strategy - INFO -    Percentage: 25.0% of position
2026-06-16 19:43:07 - trading.strategy - INFO -    Quantity: 0.00122000
2026-06-16 19:43:07 - trading.strategy - INFO -    Price: $62432.10
2026-06-16 19:43:07 - trading.strategy - INFO -    Expected Profit: $1.32
2026-06-16 19:43:07 - binance_client.rest_client - INFO - Market order executed: SELL 0.00122 BTCUSDT
2026-06-16 19:43:07 - trading.strategy - INFO - ✅ SELL EXECUTED: Level 1 - 0.00122000 BTCUSDT @ $62432.10
2026-06-16 19:43:07 - trading.strategy - INFO -    Profit on this sale: $1.32
2026-06-16 19:43:07 - binance_client.rest_client - INFO - USDT balance: 9284.2184684
2026-06-16 19:43:10 - trading.strategy - INFO - 📉 DUMP SIGNAL: Level 3 - Drop: 7.51% (Threshold: 6.0%)
2026-06-16 19:43:10 - trading.strategy - INFO -    Reference: $66139.97 → Current: $61173.31
2026-06-16 19:43:10 - __main__ - INFO - [32m🔔 BUY SIGNAL DETECTED - Level 3 @ $61173.3100[0m
2026-06-16 19:43:10 - binance_client.rest_client - INFO - USDT balance: 9284.2184684
2026-06-16 19:43:10 - __main__ - INFO - 💰 Attempting BUY: 0.00653000 BTCUSDT @ $61173.3100
2026-06-16 19:43:10 - binance_client.rest_client - INFO - USDT balance: 9284.2184684
2026-06-16 19:43:10 - trading.strategy - INFO - 💰 Executing BUY Level 3:
2026-06-16 19:43:10 - trading.strategy - INFO -    Amount: $399.46
2026-06-16 19:43:10 - trading.strategy - INFO -    Price: $61173.31
2026-06-16 19:43:10 - trading.strategy - INFO -    Quantity: 0.00653000
2026-06-16 19:43:10 - trading.strategy - INFO -    Order Value: $399.46
2026-06-16 19:43:10 - binance_client.rest_client - INFO - Market order executed: BUY 0.00653 BTCUSDT
2026-06-16 19:43:10 - trading.strategy - INFO - ✅ BUY EXECUTED: Level 3 - 0.00653000 BTCUSDT @ $61173.31
2026-06-16 19:43:10 - trading.strategy - INFO -    Position: 0.01019000 tokens @ $61238.19 avg
2026-06-16 19:43:10 - binance_client.rest_client - INFO - USDT balance: 8852.5593484
2026-06-16 19:43:11 - trading.strategy - INFO - 📈 SPIKE SIGNAL: Level 2 - Spike: 7.95% (Threshold: 4.0%)
2026-06-16 19:43:11 - trading.strategy - INFO -    Avg Cost: $61238.19 → Current: $66104.00
2026-06-16 19:43:11 - __main__ - INFO - [33m🔔 SELL SIGNAL DETECTED - Level 2 @ $66104.0000[0m
2026-06-16 19:43:11 - __main__ - INFO - 💰 Attempting SELL: 0.00254000 BTCUSDT @ $66104.0000
2026-06-16 19:43:11 - trading.strategy - INFO - 💰 Executing SELL Level 2:
2026-06-16 19:43:11 - trading.strategy - INFO -    Percentage: 25.0% of position
2026-06-16 19:43:11 - trading.strategy - INFO -    Quantity: 0.00254000
2026-06-16 19:43:11 - trading.strategy - INFO -    Price: $66104.00
2026-06-16 19:43:11 - trading.strategy - INFO -    Expected Profit: $12.36
2026-06-16 19:43:12 - binance_client.rest_client - INFO - Market order executed: SELL 0.00254 BTCUSDT
2026-06-16 19:43:12 - trading.strategy - INFO - ✅ SELL EXECUTED: Level 2 - 0.00254000 BTCUSDT @ $66104.00
2026-06-16 19:43:12 - trading.strategy - INFO -    Profit on this sale: $12.36
2026-06-16 19:43:12 - binance_client.rest_client - INFO - USDT balance: 9020.463483
2026-06-16 19:43:13 - trading.strategy - INFO - 📈 SPIKE SIGNAL: Level 3 - Spike: 7.95% (Threshold: 6.0%)
2026-06-16 19:43:13 - trading.strategy - INFO -    Avg Cost: $61238.19 → Current: $66103.99
2026-06-16 19:43:13 - __main__ - INFO - [33m🔔 SELL SIGNAL DETECTED - Level 3 @ $66103.9900[0m
2026-06-16 19:43:13 - __main__ - INFO - 💰 Attempting SELL: 0.00191000 BTCUSDT @ $66103.9900
2026-06-16 19:43:13 - trading.strategy - INFO - 💰 Executing SELL Level 3:
2026-06-16 19:43:13 - trading.strategy - INFO -    Percentage: 25.0% of position
2026-06-16 19:43:13 - trading.strategy - INFO -    Quantity: 0.00191000
2026-06-16 19:43:13 - trading.strategy - INFO -    Price: $66103.99
2026-06-16 19:43:13 - trading.strategy - INFO -    Expected Profit: $9.29
2026-06-16 19:43:13 - binance_client.rest_client - INFO - Market order executed: SELL 0.00191 BTCUSDT
2026-06-16 19:43:13 - trading.strategy - INFO - ✅ SELL EXECUTED: Level 3 - 0.00191000 BTCUSDT @ $66103.99
2026-06-16 19:43:13 - trading.strategy - INFO -    Profit on this sale: $9.29
2026-06-16 19:43:13 - binance_client.rest_client - INFO - USDT balance: 9146.7221039
2026-06-16 19:44:09 - trading.strategy - INFO - 📉 DUMP SIGNAL: Level 4 - Drop: 9.42% (Threshold: 8.0%)
2026-06-16 19:44:09 - trading.strategy - INFO -    Reference: $66139.97 → Current: $59910.19
2026-06-16 19:44:09 - __main__ - INFO - [32m🔔 BUY SIGNAL DETECTED - Level 4 @ $59910.1900[0m
2026-06-16 19:44:09 - binance_client.rest_client - INFO - USDT balance: 9146.7221039
2026-06-16 19:44:09 - __main__ - INFO - 💰 Attempting BUY: 0.01001000 BTCUSDT @ $59910.1900
2026-06-16 19:44:09 - binance_client.rest_client - INFO - USDT balance: 9146.7221039
2026-06-16 19:44:09 - trading.strategy - INFO - 💰 Executing BUY Level 4:
2026-06-16 19:44:09 - trading.strategy - INFO -    Amount: $599.70
2026-06-16 19:44:09 - trading.strategy - INFO -    Price: $59910.19
2026-06-16 19:44:09 - trading.strategy - INFO -    Quantity: 0.01001000
2026-06-16 19:44:09 - trading.strategy - INFO -    Order Value: $599.70
2026-06-16 19:44:09 - binance_client.rest_client - INFO - Market order executed: BUY 0.01001 BTCUSDT
2026-06-16 19:44:09 - trading.strategy - INFO - ✅ BUY EXECUTED: Level 4 - 0.01001000 BTCUSDT @ $59910.19
2026-06-16 19:44:09 - trading.strategy - INFO -    Position: 0.01575000 tokens @ $60394.17 avg
2026-06-16 19:44:10 - binance_client.rest_client - INFO - USDT balance: 8504.3603428
2026-06-16 19:44:15 - trading.strategy - INFO - 📈 SPIKE SIGNAL: Level 4 - Spike: 9.34% (Threshold: 8.0%)
2026-06-16 19:44:15 - trading.strategy - INFO -    Avg Cost: $60394.17 → Current: $66038.00
2026-06-16 19:44:15 - __main__ - INFO - [33m🔔 SELL SIGNAL DETECTED - Level 4 @ $66038.0000[0m
2026-06-16 19:44:15 - __main__ - INFO - 💰 Attempting SELL: 0.00393000 BTCUSDT @ $66038.0000
2026-06-16 19:44:15 - trading.strategy - INFO - 💰 Executing SELL Level 4:
2026-06-16 19:44:15 - trading.strategy - INFO -    Percentage: 25.0% of position
2026-06-16 19:44:15 - trading.strategy - INFO -    Quantity: 0.00393000
2026-06-16 19:44:15 - trading.strategy - INFO -    Price: $66038.00
2026-06-16 19:44:15 - trading.strategy - INFO -    Expected Profit: $22.18
2026-06-16 19:44:15 - binance_client.rest_client - INFO - Market order executed: SELL 0.00393 BTCUSDT
2026-06-16 19:44:15 - trading.strategy - INFO - ✅ SELL EXECUTED: Level 4 - 0.00393000 BTCUSDT @ $66038.00
2026-06-16 19:44:15 - trading.strategy - INFO -    Profit on this sale: $22.18
2026-06-16 19:44:16 - binance_client.rest_client - INFO - USDT balance: 8763.8896828
2026-06-17 13:50:54 - root - INFO - Logging to file: trading_bot.log
2026-06-17 13:50:54 - __main__ - INFO - ============================================================
2026-06-17 13:50:54 - __main__ - INFO - 🚀 Starting Binance Trading Bot - 2026-06-17 13:50:54
2026-06-17 13:50:54 - __main__ - INFO - 📊 Symbol: BTCUSDT
2026-06-17 13:50:54 - __main__ - INFO - 💰 Total Capital: $1000.0
2026-06-17 13:50:54 - __main__ - INFO - 🎯 Base Position: $100.0
2026-06-17 13:50:54 - __main__ - INFO - 🧪 Testnet Mode: True
2026-06-17 13:50:54 - __main__ - INFO - ============================================================
2026-06-17 13:50:55 - binance_client.rest_client - INFO - Binance client initialized. Testnet mode: True
2026-06-17 13:50:55 - binance_client.rest_client - INFO - API connection successful
2026-06-17 13:50:55 - binance_client.rest_client - INFO - Account verified successfully
2026-06-17 13:50:56 - __main__ - INFO - Step size: 1e-05, Min quantity: 1e-05
2026-06-17 13:50:56 - __main__ - INFO - Tick size: 0.01
2026-06-17 13:50:56 - __main__ - INFO - ✅ Connected to Binance. Current price: $65276.0000
2026-06-17 13:50:56 - binance_client.rest_client - INFO - USDT balance: 8763.8896828
2026-06-17 13:50:56 - __main__ - INFO - 💰 Account USDT Balance: $8763.8897
2026-06-17 13:50:56 - trading.strategy - INFO - 🎯 Reference price set to $65276.00
2026-06-17 13:50:57 - binance_client.rest_client - INFO - Binance client initialized. Testnet mode: True
2026-06-17 13:50:57 - binance_client.rest_client - INFO - API connection successful
2026-06-17 13:50:58 - binance_client.rest_client - INFO - Account verified successfully
2026-06-17 13:50:58 - binance_client.price_poller - INFO - Price poller initialized for BTCUSDT (interval: 1.0s)
2026-06-17 13:50:58 - __main__ - INFO - ✅ Bot initialized successfully
2026-06-17 13:50:58 - __main__ - INFO - 📡 Using REST API polling for price data (interval: 1s)
2026-06-17 13:50:58 - __main__ - INFO - 🔧 Precision: Step=1e-05, Tick=0.01, MinQty=1e-05, MinNotional=$10.0
2026-06-17 13:50:58 - __main__ - INFO - ✅ PID saved to bot.pid: 12860
2026-06-17 13:50:58 - __main__ - INFO - Bot started. Waiting for price updates...
2026-06-17 13:50:58 - binance_client.price_poller - INFO - ✅ Price poller started for BTCUSDT
2026-06-17 16:24:41 - root - INFO - Logging to file: trading_bot.log
2026-06-17 16:24:41 - __main__ - INFO - ============================================================
2026-06-17 16:24:41 - __main__ - INFO - 🚀 Starting Binance Trading Bot - 2026-06-17 16:24:41
2026-06-17 16:24:41 - __main__ - INFO - 📊 Symbol: BTCUSDT
2026-06-17 16:24:41 - __main__ - INFO - 💰 Total Capital: $1000.0
2026-06-17 16:24:41 - __main__ - INFO - 🎯 Base Position: $100.0
2026-06-17 16:24:41 - __main__ - INFO - 🧪 Testnet Mode: True
2026-06-17 16:24:41 - __main__ - INFO - ============================================================
2026-06-17 16:24:41 - binance_client.rest_client - INFO - Binance client initialized. Testnet mode: True
2026-06-17 16:24:42 - binance_client.rest_client - INFO - API connection successful
2026-06-17 16:24:42 - binance_client.rest_client - INFO - Account verified successfully
2026-06-17 16:24:42 - __main__ - INFO - Step size: 1e-05, Min quantity: 1e-05
2026-06-17 16:24:42 - __main__ - INFO - Tick size: 0.01
2026-06-17 16:24:42 - __main__ - INFO - ✅ Connected to Binance. Current price: $64822.0000
2026-06-17 16:24:42 - binance_client.rest_client - INFO - USDT balance: 8763.8896828
2026-06-17 16:24:42 - __main__ - INFO - 💰 Account USDT Balance: $8763.8897
2026-06-17 16:24:43 - trading.strategy - INFO - 🎯 Reference price set to $64822.00
2026-06-17 16:24:43 - binance_client.rest_client - INFO - Binance client initialized. Testnet mode: True
2026-06-17 16:24:44 - binance_client.rest_client - INFO - API connection successful
2026-06-17 16:24:44 - binance_client.rest_client - INFO - Account verified successfully
2026-06-17 16:24:44 - binance_client.price_poller - INFO - Price poller initialized for BTCUSDT (interval: 1.0s)
2026-06-17 16:24:44 - __main__ - INFO - ✅ Bot initialized successfully
2026-06-17 16:24:44 - __main__ - INFO - 📡 Using REST API polling for price data (interval: 1s)
2026-06-17 16:24:44 - __main__ - INFO - 🔧 Precision: Step=1e-05, Tick=0.01, MinQty=1e-05, MinNotional=$10.0
2026-06-17 16:24:44 - __main__ - INFO - ✅ PID saved to bot.pid: 2548
2026-06-17 16:24:44 - __main__ - INFO - Bot started. Waiting for price updates...
2026-06-17 16:24:44 - binance_client.price_poller - INFO - ✅ Price poller started for BTCUSDT
2026-06-17 16:25:42 - __main__ - INFO - 🛑 Stopping bot...
2026-06-17 16:25:43 - binance_client.price_poller - INFO - Price poller stopped
2026-06-17 16:25:43 - __main__ - INFO - ✅ PID file removed: bot.pid
2026-06-17 16:25:43 - __main__ - INFO - ⏱️ Runtime: 0:00:58.921100
2026-06-17 16:25:43 - __main__ - INFO - 📊 Total price updates: 51
2026-06-17 16:25:43 - __main__ - INFO - ⚡ Total signals: 0
2026-06-17 16:26:20 - root - INFO - Logging to file: trading_bot.log
2026-06-17 16:26:20 - __main__ - INFO - ============================================================
2026-06-17 16:26:20 - __main__ - INFO - 🚀 Starting Binance Trading Bot - 2026-06-17 16:26:20
2026-06-17 16:26:20 - __main__ - INFO - 📊 Symbol: BTCUSDT
2026-06-17 16:26:20 - __main__ - INFO - 💰 Total Capital: $1000.0
2026-06-17 16:26:20 - __main__ - INFO - 🎯 Base Position: $100.0
2026-06-17 16:26:20 - __main__ - INFO - 🧪 Testnet Mode: True
2026-06-17 16:26:20 - __main__ - INFO - ============================================================
2026-06-17 16:26:20 - binance_client.rest_client - INFO - Binance client initialized. Testnet mode: True
2026-06-17 16:26:21 - binance_client.rest_client - INFO - API connection successful
2026-06-17 16:26:21 - binance_client.rest_client - INFO - Account verified successfully
2026-06-17 16:26:21 - __main__ - INFO - Step size: 1e-05, Min quantity: 1e-05
2026-06-17 16:26:21 - __main__ - INFO - Tick size: 0.01
2026-06-17 16:26:21 - __main__ - INFO - ✅ Connected to Binance. Current price: $64792.9000
2026-06-17 16:26:21 - binance_client.rest_client - INFO - USDT balance: 8763.8896828
2026-06-17 16:26:21 - __main__ - INFO - 💰 Account USDT Balance: $8763.8897
2026-06-17 16:26:22 - trading.strategy - INFO - 🎯 Reference price set to $64792.90
2026-06-17 16:26:22 - binance_client.rest_client - INFO - Binance client initialized. Testnet mode: True
2026-06-17 16:26:23 - binance_client.rest_client - INFO - API connection successful
2026-06-17 16:26:23 - binance_client.rest_client - INFO - Account verified successfully
2026-06-17 16:26:23 - binance_client.price_poller - INFO - Price poller initialized for BTCUSDT (interval: 1.0s)
2026-06-17 16:26:23 - __main__ - INFO - ✅ Bot initialized successfully
2026-06-17 16:26:23 - __main__ - INFO - 📡 Using REST API polling for price data (interval: 1s)
2026-06-17 16:26:23 - __main__ - INFO - 🔧 Precision: Step=1e-05, Tick=0.01, MinQty=1e-05, MinNotional=$10.0
2026-06-17 16:26:23 - __main__ - INFO - ✅ PID saved to bot.pid: 9476
2026-06-17 16:26:23 - __main__ - INFO - Bot started. Waiting for price updates...
2026-06-17 16:26:23 - binance_client.price_poller - INFO - ✅ Price poller started for BTCUSDT
2026-06-17 16:28:08 - __main__ - INFO - 🛑 Stopping bot...
2026-06-17 16:28:09 - binance_client.price_poller - INFO - Price poller stopped
2026-06-17 16:28:09 - __main__ - INFO - ✅ PID file removed: bot.pid
2026-06-17 16:28:09 - __main__ - INFO - ⏱️ Runtime: 0:01:45.718635
2026-06-17 16:28:09 - __main__ - INFO - 📊 Total price updates: 92
2026-06-17 16:28:09 - __main__ - INFO - ⚡ Total signals: 0
2026-06-17 16:34:53 - root - INFO - Logging to file: trading_bot.log
2026-06-17 16:34:53 - __main__ - INFO - ============================================================
2026-06-17 16:34:53 - __main__ - INFO - 🚀 Starting Binance Trading Bot - 2026-06-17 16:34:53
2026-06-17 16:34:53 - __main__ - INFO - 📊 Symbol: BTCUSDT
2026-06-17 16:34:53 - __main__ - INFO - 💰 Total Capital: $1000.0
2026-06-17 16:34:53 - __main__ - INFO - 🎯 Base Position: $100.0
2026-06-17 16:34:53 - __main__ - INFO - 🧪 Testnet Mode: True
2026-06-17 16:34:53 - __main__ - INFO - ============================================================
2026-06-17 16:34:53 - binance_client.rest_client - INFO - Binance client initialized. Testnet mode: True
2026-06-17 16:34:54 - binance_client.rest_client - INFO - API connection successful
2026-06-17 16:34:54 - binance_client.rest_client - INFO - Account verified successfully
2026-06-17 16:34:54 - __main__ - INFO - Step size: 1e-05, Min quantity: 1e-05
2026-06-17 16:34:54 - __main__ - INFO - Tick size: 0.01
2026-06-17 16:34:54 - __main__ - INFO - ✅ Connected to Binance. Current price: $64720.0200
2026-06-17 16:34:55 - binance_client.rest_client - INFO - USDT balance: 8763.8896828
2026-06-17 16:34:55 - __main__ - INFO - 💰 Account USDT Balance: $8763.8897
2026-06-17 16:34:55 - trading.strategy - INFO - 🎯 Reference price set to $64720.02
2026-06-17 16:34:55 - binance_client.rest_client - INFO - Binance client initialized. Testnet mode: True
2026-06-17 16:34:56 - binance_client.rest_client - INFO - API connection successful
2026-06-17 16:34:56 - binance_client.rest_client - INFO - Account verified successfully
2026-06-17 16:34:56 - binance_client.price_poller - INFO - Price poller initialized for BTCUSDT (interval: 1.0s)
2026-06-17 16:34:56 - __main__ - INFO - ✅ Bot initialized successfully
2026-06-17 16:34:56 - __main__ - INFO - 📡 Using REST API polling for price data (interval: 1s)
2026-06-17 16:34:56 - __main__ - INFO - 🔧 Precision: Step=1e-05, Tick=0.01, MinQty=1e-05, MinNotional=$10.0
2026-06-17 16:34:56 - __main__ - INFO - ✅ PID saved to bot.pid: 10196
2026-06-17 16:34:56 - __main__ - INFO - Bot started. Waiting for price updates...
2026-06-17 16:34:56 - binance_client.price_poller - INFO - ✅ Price poller started for BTCUSDT
2026-06-17 16:35:54 - __main__ - INFO - 🛑 Stopping bot...
2026-06-17 16:35:54 - binance_client.price_poller - INFO - Price poller stopped
2026-06-17 16:35:54 - __main__ - INFO - ✅ PID file removed: bot.pid
2026-06-17 16:35:54 - __main__ - INFO - ⏱️ Runtime: 0:00:57.970504
2026-06-17 16:35:54 - __main__ - INFO - 📊 Total price updates: 50
2026-06-17 16:35:54 - __main__ - INFO - ⚡ Total signals: 0
2026-06-17 16:38:15 - root - INFO - Logging to file: trading_bot.log
2026-06-17 16:38:15 - __main__ - INFO - ============================================================
2026-06-17 16:38:15 - __main__ - INFO - 🚀 Starting Binance Trading Bot - 2026-06-17 16:38:15
2026-06-17 16:38:15 - __main__ - INFO - 📊 Symbol: BTCUSDT
2026-06-17 16:38:15 - __main__ - INFO - 💰 Total Capital: $1000.0
2026-06-17 16:38:15 - __main__ - INFO - 🎯 Base Position: $100.0
2026-06-17 16:38:15 - __main__ - INFO - 🧪 Testnet Mode: True
2026-06-17 16:38:15 - __main__ - INFO - ============================================================
2026-06-17 16:38:15 - binance_client.rest_client - INFO - Binance client initialized. Testnet mode: True
2026-06-17 16:38:16 - binance_client.rest_client - INFO - API connection successful
2026-06-17 16:38:16 - binance_client.rest_client - INFO - Account verified successfully
2026-06-17 16:38:16 - __main__ - INFO - Step size: 1e-05, Min quantity: 1e-05
2026-06-17 16:38:16 - __main__ - INFO - Tick size: 0.01
2026-06-17 16:38:16 - __main__ - INFO - ✅ Connected to Binance. Current price: $64683.6900
2026-06-17 16:38:16 - binance_client.rest_client - INFO - USDT balance: 8763.8896828
2026-06-17 16:38:16 - __main__ - INFO - 💰 Account USDT Balance: $8763.8897
2026-06-17 16:38:17 - trading.strategy - INFO - 🎯 Reference price set to $64683.69
2026-06-17 16:38:17 - binance_client.rest_client - INFO - Binance client initialized. Testnet mode: True
2026-06-17 16:38:18 - binance_client.rest_client - INFO - API connection successful
2026-06-17 16:38:18 - binance_client.rest_client - INFO - Account verified successfully
2026-06-17 16:38:18 - binance_client.price_poller - INFO - Price poller initialized for BTCUSDT (interval: 1.0s)
2026-06-17 16:38:18 - __main__ - INFO - ✅ Bot initialized successfully
2026-06-17 16:38:18 - __main__ - INFO - 📡 Using REST API polling for price data (interval: 1s)
2026-06-17 16:38:18 - __main__ - INFO - 🔧 Precision: Step=1e-05, Tick=0.01, MinQty=1e-05, MinNotional=$10.0
2026-06-17 16:38:18 - __main__ - INFO - ✅ PID saved to bot.pid: 7240
2026-06-17 16:38:18 - __main__ - INFO - Bot started. Waiting for price updates...
2026-06-17 16:38:18 - binance_client.price_poller - INFO - ✅ Price poller started for BTCUSDT
2026-06-17 16:42:27 - __main__ - INFO - 🛑 Stopping bot...
2026-06-17 16:42:28 - binance_client.price_poller - INFO - Price poller stopped
2026-06-17 16:42:28 - __main__ - INFO - ✅ PID file removed: bot.pid
2026-06-17 16:42:28 - __main__ - INFO - ⏱️ Runtime: 0:04:10.213771
2026-06-17 16:42:28 - __main__ - INFO - 📊 Total price updates: 217
2026-06-17 16:42:28 - __main__ - INFO - ⚡ Total signals: 0
2026-06-17 16:42:41 - root - INFO - Logging to file: trading_bot.log
2026-06-17 16:42:41 - __main__ - INFO - ============================================================
2026-06-17 16:42:41 - __main__ - INFO - 🚀 Starting Binance Trading Bot - 2026-06-17 16:42:41
2026-06-17 16:42:41 - __main__ - INFO - 📊 Symbol: BTCUSDT
2026-06-17 16:42:41 - __main__ - INFO - 💰 Total Capital: $1000.0
2026-06-17 16:42:41 - __main__ - INFO - 🎯 Base Position: $100.0
2026-06-17 16:42:41 - __main__ - INFO - 🧪 Testnet Mode: True
2026-06-17 16:42:41 - __main__ - INFO - ============================================================
2026-06-17 16:42:42 - binance_client.rest_client - INFO - Binance client initialized. Testnet mode: True
2026-06-17 16:42:42 - binance_client.rest_client - INFO - API connection successful
2026-06-17 16:42:43 - binance_client.rest_client - INFO - Account verified successfully
2026-06-17 16:42:43 - __main__ - INFO - Step size: 1e-05, Min quantity: 1e-05
2026-06-17 16:42:43 - __main__ - INFO - Tick size: 0.01
2026-06-17 16:42:43 - __main__ - INFO - ✅ Connected to Binance. Current price: $64674.0000
2026-06-17 16:42:43 - binance_client.rest_client - INFO - USDT balance: 8763.8896828
2026-06-17 16:42:43 - __main__ - INFO - 💰 Account USDT Balance: $8763.8897
2026-06-17 16:42:43 - trading.strategy - INFO - 🎯 Reference price set to $64674.00
2026-06-17 16:42:44 - binance_client.rest_client - INFO - Binance client initialized. Testnet mode: True
2026-06-17 16:42:44 - binance_client.rest_client - INFO - API connection successful
2026-06-17 16:42:45 - binance_client.rest_client - INFO - Account verified successfully
2026-06-17 16:42:45 - binance_client.price_poller - INFO - Price poller initialized for BTCUSDT (interval: 1.0s)
2026-06-17 16:42:45 - __main__ - INFO - ✅ Bot initialized successfully
2026-06-17 16:42:45 - __main__ - INFO - 📡 Using REST API polling for price data (interval: 1s)
2026-06-17 16:42:45 - __main__ - INFO - 🔧 Precision: Step=1e-05, Tick=0.01, MinQty=1e-05, MinNotional=$10.0
2026-06-17 16:42:45 - __main__ - INFO - ✅ PID saved to bot.pid: 7764
2026-06-17 16:42:45 - __main__ - INFO - Bot started. Waiting for price updates...
2026-06-17 16:43:10 - root - INFO - Logging to file: trading_bot.log
2026-06-17 16:43:10 - __main__ - INFO - ============================================================
2026-06-17 16:43:10 - __main__ - INFO - 🚀 Starting Binance Trading Bot - 2026-06-17 16:43:10
2026-06-17 16:43:10 - __main__ - INFO - 📊 Symbol: BTCUSDT
2026-06-17 16:43:10 - __main__ - INFO - 💰 Total Capital: $1000.0
2026-06-17 16:43:10 - __main__ - INFO - 🎯 Base Position: $100.0
2026-06-17 16:43:10 - __main__ - INFO - 🧪 Testnet Mode: True
2026-06-17 16:43:10 - __main__ - INFO - ============================================================
2026-06-17 16:43:10 - binance_client.rest_client - INFO - Binance client initialized. Testnet mode: True
2026-06-17 16:43:11 - binance_client.rest_client - INFO - API connection successful
2026-06-17 16:43:11 - binance_client.rest_client - INFO - Account verified successfully
2026-06-17 16:43:11 - __main__ - INFO - Step size: 1e-05, Min quantity: 1e-05
2026-06-17 16:43:11 - __main__ - INFO - Tick size: 0.01
2026-06-17 16:43:11 - __main__ - INFO - ✅ Connected to Binance. Current price: $64654.1400
2026-06-17 16:43:11 - binance_client.rest_client - INFO - USDT balance: 8763.8896828
2026-06-17 16:43:11 - __main__ - INFO - 💰 Account USDT Balance: $8763.8897
2026-06-17 16:43:11 - trading.strategy - INFO - 🎯 Reference price set to $64654.14
2026-06-17 16:43:12 - binance_client.rest_client - INFO - Binance client initialized. Testnet mode: True
2026-06-17 16:43:12 - binance_client.rest_client - INFO - API connection successful
2026-06-17 16:43:13 - binance_client.rest_client - INFO - Account verified successfully
2026-06-17 16:43:13 - binance_client.price_poller - INFO - Price poller initialized for BTCUSDT (interval: 1.0s)
2026-06-17 16:43:13 - __main__ - INFO - ✅ Bot initialized successfully
2026-06-17 16:43:13 - __main__ - INFO - 📡 Using REST API polling for price data (interval: 1s)
2026-06-17 16:43:13 - __main__ - INFO - 🔧 Precision: Step=1e-05, Tick=0.01, MinQty=1e-05, MinNotional=$10.0
2026-06-17 16:43:13 - __main__ - INFO - ✅ PID saved to bot.pid: 1300
2026-06-17 16:43:13 - __main__ - INFO - Bot started. Waiting for price updates...
2026-06-17 16:46:33 - root - INFO - Logging to file: trading_bot.log
2026-06-17 16:46:33 - __main__ - INFO - ============================================================
2026-06-17 16:46:33 - __main__ - INFO - 🚀 Starting Binance Trading Bot - 2026-06-17 16:46:33
2026-06-17 16:46:33 - __main__ - INFO - 📊 Symbol: BTCUSDT
2026-06-17 16:46:33 - __main__ - INFO - 💰 Total Capital: $1000.0
2026-06-17 16:46:33 - __main__ - INFO - 🎯 Base Position: $100.0
2026-06-17 16:46:33 - __main__ - INFO - 🧪 Testnet Mode: True
2026-06-17 16:46:33 - __main__ - INFO - ============================================================
2026-06-17 16:46:34 - binance_client.rest_client - INFO - Binance client initialized. Testnet mode: True
2026-06-17 16:46:34 - binance_client.rest_client - INFO - API connection successful
2026-06-17 16:46:35 - binance_client.rest_client - INFO - Account verified successfully
2026-06-17 16:46:35 - __main__ - INFO - Step size: 1e-05, Min quantity: 1e-05
2026-06-17 16:46:35 - __main__ - INFO - Tick size: 0.01
2026-06-17 16:46:35 - __main__ - INFO - ✅ Connected to Binance. Current price: $64575.0000
2026-06-17 16:46:35 - binance_client.rest_client - INFO - USDT balance: 8763.8896828
2026-06-17 16:46:35 - __main__ - INFO - 💰 Account USDT Balance: $8763.8897
2026-06-17 16:46:35 - trading.strategy - INFO - 🎯 Reference price set to $64575.00
2026-06-17 16:46:36 - binance_client.rest_client - INFO - Binance client initialized. Testnet mode: True
2026-06-17 16:46:36 - binance_client.rest_client - INFO - API connection successful
2026-06-17 16:46:36 - binance_client.rest_client - INFO - Account verified successfully
2026-06-17 16:46:36 - binance_client.price_poller - INFO - Price poller initialized for BTCUSDT (interval: 1.0s)
2026-06-17 16:46:36 - __main__ - INFO - ✅ Bot initialized successfully
2026-06-17 16:46:36 - __main__ - INFO - 📡 Using REST API polling for price data (interval: 1s)
2026-06-17 16:46:36 - __main__ - INFO - 🔧 Precision: Step=1e-05, Tick=0.01, MinQty=1e-05, MinNotional=$10.0
2026-06-17 16:46:36 - __main__ - INFO - ✅ PID saved to bot.pid: 2572
2026-06-17 16:46:36 - __main__ - INFO - Bot started. Waiting for price updates...
2026-06-17 16:46:41 - root - INFO - Logging to file: trading_bot.log
2026-06-17 16:46:41 - __main__ - INFO - ============================================================
2026-06-17 16:46:41 - __main__ - INFO - 🚀 Starting Binance Trading Bot - 2026-06-17 16:46:41
2026-06-17 16:46:41 - __main__ - INFO - 📊 Symbol: BTCUSDT
2026-06-17 16:46:41 - __main__ - INFO - 💰 Total Capital: $1000.0
2026-06-17 16:46:41 - __main__ - INFO - 🎯 Base Position: $100.0
2026-06-17 16:46:41 - __main__ - INFO - 🧪 Testnet Mode: True
2026-06-17 16:46:41 - __main__ - INFO - ============================================================
2026-06-17 16:46:41 - binance_client.rest_client - INFO - Binance client initialized. Testnet mode: True
2026-06-17 16:46:42 - binance_client.rest_client - INFO - API connection successful
2026-06-17 16:46:42 - binance_client.rest_client - INFO - Account verified successfully
2026-06-17 16:46:42 - __main__ - INFO - Step size: 1e-05, Min quantity: 1e-05
2026-06-17 16:46:42 - __main__ - INFO - Tick size: 0.01
2026-06-17 16:46:42 - __main__ - INFO - ✅ Connected to Binance. Current price: $64575.0100
2026-06-17 16:46:42 - binance_client.rest_client - INFO - USDT balance: 8763.8896828
2026-06-17 16:46:42 - __main__ - INFO - 💰 Account USDT Balance: $8763.8897
2026-06-17 16:46:42 - trading.strategy - INFO - 🎯 Reference price set to $64575.01
2026-06-17 16:46:43 - binance_client.rest_client - INFO - Binance client initialized. Testnet mode: True
2026-06-17 16:46:43 - binance_client.rest_client - INFO - API connection successful
2026-06-17 16:46:44 - binance_client.rest_client - INFO - Account verified successfully
2026-06-17 16:46:44 - binance_client.price_poller - INFO - Price poller initialized for BTCUSDT (interval: 1.0s)
2026-06-17 16:46:44 - __main__ - INFO - ✅ Bot initialized successfully
2026-06-17 16:46:44 - __main__ - INFO - 📡 Using REST API polling for price data (interval: 1s)
2026-06-17 16:46:44 - __main__ - INFO - 🔧 Precision: Step=1e-05, Tick=0.01, MinQty=1e-05, MinNotional=$10.0
2026-06-17 16:46:44 - __main__ - INFO - ✅ PID saved to bot.pid: 10616
2026-06-17 16:46:44 - __main__ - INFO - Bot started. Waiting for price updates...
2026-06-17 16:47:17 - root - INFO - Logging to file: trading_bot.log
2026-06-17 16:47:17 - __main__ - INFO - ============================================================
2026-06-17 16:47:17 - __main__ - INFO - 🚀 Starting Binance Trading Bot - 2026-06-17 16:47:17
2026-06-17 16:47:17 - __main__ - INFO - 📊 Symbol: BTCUSDT
2026-06-17 16:47:17 - __main__ - INFO - 💰 Total Capital: $1000.0
2026-06-17 16:47:17 - __main__ - INFO - 🎯 Base Position: $100.0
2026-06-17 16:47:17 - __main__ - INFO - 🧪 Testnet Mode: True
2026-06-17 16:47:17 - __main__ - INFO - ============================================================
2026-06-17 16:47:17 - root - INFO - Logging to file: trading_bot.log
2026-06-17 16:47:17 - __main__ - INFO - ============================================================
2026-06-17 16:47:17 - __main__ - INFO - 🚀 Starting Binance Trading Bot - 2026-06-17 16:47:17
2026-06-17 16:47:17 - __main__ - INFO - 📊 Symbol: BTCUSDT
2026-06-17 16:47:17 - __main__ - INFO - 💰 Total Capital: $1000.0
2026-06-17 16:47:17 - __main__ - INFO - 🎯 Base Position: $100.0
2026-06-17 16:47:17 - __main__ - INFO - 🧪 Testnet Mode: True
2026-06-17 16:47:17 - __main__ - INFO - ============================================================
2026-06-17 16:47:18 - binance_client.rest_client - INFO - Binance client initialized. Testnet mode: True
2026-06-17 16:47:18 - binance_client.rest_client - INFO - Binance client initialized. Testnet mode: True
2026-06-17 16:47:18 - binance_client.rest_client - INFO - API connection successful
2026-06-17 16:47:18 - binance_client.rest_client - INFO - Account verified successfully
2026-06-17 16:47:18 - binance_client.rest_client - INFO - API connection successful
2026-06-17 16:47:19 - binance_client.rest_client - INFO - Account verified successfully
2026-06-17 16:47:19 - __main__ - INFO - Step size: 1e-05, Min quantity: 1e-05
2026-06-17 16:47:19 - __main__ - INFO - Tick size: 0.01
2026-06-17 16:47:19 - __main__ - INFO - ✅ Connected to Binance. Current price: $64616.0400
2026-06-17 16:47:19 - __main__ - INFO - Step size: 1e-05, Min quantity: 1e-05
2026-06-17 16:47:19 - __main__ - INFO - Tick size: 0.01
2026-06-17 16:47:19 - binance_client.rest_client - INFO - USDT balance: 8763.8896828
2026-06-17 16:47:19 - __main__ - INFO - 💰 Account USDT Balance: $8763.8897
2026-06-17 16:47:19 - __main__ - INFO - ✅ Connected to Binance. Current price: $64616.0400
2026-06-17 16:47:19 - trading.strategy - INFO - 🎯 Reference price set to $64616.04
2026-06-17 16:47:19 - binance_client.rest_client - INFO - USDT balance: 8763.8896828
2026-06-17 16:47:19 - __main__ - INFO - 💰 Account USDT Balance: $8763.8897
2026-06-17 16:47:20 - trading.strategy - INFO - 🎯 Reference price set to $64616.04
2026-06-17 16:47:20 - binance_client.rest_client - INFO - Binance client initialized. Testnet mode: True
2026-06-17 16:47:20 - binance_client.rest_client - INFO - Binance client initialized. Testnet mode: True
2026-06-17 16:47:21 - binance_client.rest_client - INFO - API connection successful
2026-06-17 16:47:21 - binance_client.rest_client - INFO - Account verified successfully
2026-06-17 16:47:21 - binance_client.rest_client - INFO - API connection successful
2026-06-17 16:47:21 - binance_client.price_poller - INFO - Price poller initialized for BTCUSDT (interval: 1.0s)
2026-06-17 16:47:21 - __main__ - INFO - ✅ Bot initialized successfully
2026-06-17 16:47:21 - __main__ - INFO - 📡 Using REST API polling for price data (interval: 1s)
2026-06-17 16:47:21 - __main__ - INFO - 🔧 Precision: Step=1e-05, Tick=0.01, MinQty=1e-05, MinNotional=$10.0
2026-06-17 16:47:21 - __main__ - INFO - ✅ PID saved to bot.pid: 7856
2026-06-17 16:47:21 - __main__ - INFO - Bot started. Waiting for price updates...
2026-06-17 16:47:21 - binance_client.rest_client - INFO - Account verified successfully
2026-06-17 16:47:21 - binance_client.price_poller - INFO - Price poller initialized for BTCUSDT (interval: 1.0s)
2026-06-17 16:47:21 - __main__ - INFO - ✅ Bot initialized successfully
2026-06-17 16:47:21 - __main__ - INFO - 📡 Using REST API polling for price data (interval: 1s)
2026-06-17 16:47:21 - __main__ - INFO - 🔧 Precision: Step=1e-05, Tick=0.01, MinQty=1e-05, MinNotional=$10.0
2026-06-17 16:47:21 - __main__ - INFO - ✅ PID saved to bot.pid: 12524
2026-06-17 16:47:21 - __main__ - INFO - Bot started. Waiting for price updates...
2026-06-17 16:57:44 - root - INFO - Logging to file: trading_bot.log
2026-06-17 16:57:44 - __main__ - INFO - ============================================================
2026-06-17 16:57:44 - __main__ - INFO - 🚀 Starting Binance Trading Bot - 2026-06-17 16:57:44
2026-06-17 16:57:44 - __main__ - INFO - 📊 Symbol: BTCUSDT
2026-06-17 16:57:44 - __main__ - INFO - 💰 Total Capital: $1000.0
2026-06-17 16:57:44 - __main__ - INFO - 🎯 Base Position: $100.0
2026-06-17 16:57:44 - __main__ - INFO - 🧪 Testnet Mode: True
2026-06-17 16:57:44 - __main__ - INFO - ============================================================
2026-06-17 16:57:45 - binance_client.rest_client - INFO - Binance client initialized. Testnet mode: True
2026-06-17 16:57:45 - binance_client.rest_client - INFO - API connection successful
2026-06-17 16:57:46 - binance_client.rest_client - INFO - Account verified successfully
2026-06-17 16:57:46 - __main__ - INFO - Step size: 1e-05, Min quantity: 1e-05
2026-06-17 16:57:46 - __main__ - INFO - Tick size: 0.01
2026-06-17 16:57:46 - __main__ - INFO - ✅ Connected to Binance. Current price: $64713.9900
2026-06-17 16:57:46 - binance_client.rest_client - INFO - USDT balance: 8763.8896828
2026-06-17 16:57:46 - __main__ - INFO - 💰 Account USDT Balance: $8763.8897
2026-06-17 16:57:46 - trading.strategy - INFO - 🎯 Reference price set to $64713.99
2026-06-17 16:57:47 - binance_client.rest_client - INFO - Binance client initialized. Testnet mode: True
2026-06-17 16:57:47 - binance_client.rest_client - INFO - API connection successful
2026-06-17 16:57:47 - binance_client.rest_client - INFO - Account verified successfully
2026-06-17 16:57:47 - binance_client.price_poller - INFO - Price poller initialized for BTCUSDT (interval: 1.0s)
2026-06-17 16:57:47 - __main__ - INFO - ✅ Bot initialized successfully
2026-06-17 16:57:47 - __main__ - INFO - 📡 Using REST API polling for price data (interval: 1s)
2026-06-17 16:57:47 - __main__ - INFO - 🔧 Precision: Step=1e-05, Tick=0.01, MinQty=1e-05, MinNotional=$10.0
2026-06-17 16:57:47 - __main__ - INFO - ✅ PID saved to bot.pid: 4804
2026-06-17 16:57:47 - __main__ - INFO - Bot started. Waiting for price updates...
2026-06-17 17:01:09 - root - INFO - Logging to file: trading_bot.log
2026-06-17 17:01:09 - __main__ - INFO - ============================================================
2026-06-17 17:01:09 - __main__ - INFO - 🚀 Starting Binance Trading Bot - 2026-06-17 17:01:09
2026-06-17 17:01:09 - __main__ - INFO - 📊 Symbol: BTCUSDT
2026-06-17 17:01:09 - __main__ - INFO - 💰 Total Capital: $1000.0
2026-06-17 17:01:09 - __main__ - INFO - 🎯 Base Position: $100.0
2026-06-17 17:01:09 - __main__ - INFO - 🧪 Testnet Mode: True
2026-06-17 17:01:09 - __main__ - INFO - ============================================================
2026-06-17 17:01:10 - binance_client.rest_client - INFO - Binance client initialized. Testnet mode: True
2026-06-17 17:01:10 - binance_client.rest_client - INFO - API connection successful
2026-06-17 17:01:10 - binance_client.rest_client - INFO - Account verified successfully
2026-06-17 17:01:11 - __main__ - INFO - Step size: 1e-05, Min quantity: 1e-05
2026-06-17 17:01:11 - __main__ - INFO - Tick size: 0.01
2026-06-17 17:01:11 - __main__ - INFO - ✅ Connected to Binance. Current price: $64670.0000
2026-06-17 17:01:11 - binance_client.rest_client - INFO - USDT balance: 8763.8896828
2026-06-17 17:01:11 - __main__ - INFO - 💰 Account USDT Balance: $8763.8897
2026-06-17 17:01:11 - trading.strategy - INFO - 🎯 Reference price set to $64670.00
2026-06-17 17:01:12 - binance_client.rest_client - INFO - Binance client initialized. Testnet mode: True
2026-06-17 17:01:12 - binance_client.rest_client - INFO - API connection successful
2026-06-17 17:01:12 - binance_client.rest_client - INFO - Account verified successfully
2026-06-17 17:01:12 - binance_client.price_poller - INFO - Price poller initialized for BTCUSDT (interval: 1.0s)
2026-06-17 17:01:12 - __main__ - INFO - ✅ Bot initialized successfully
2026-06-17 17:01:12 - __main__ - INFO - 📡 Using REST API polling for price data (interval: 1s)
2026-06-17 17:01:12 - __main__ - INFO - 🔧 Precision: Step=1e-05, Tick=0.01, MinQty=1e-05, MinNotional=$10.0
2026-06-17 17:01:12 - __main__ - INFO - ✅ PID saved to bot.pid: 9764
2026-06-17 17:01:12 - __main__ - INFO - Bot started. Waiting for price updates...
2026-06-17 17:06:54 - root - INFO - Logging to file: trading_bot.log
2026-06-17 17:06:54 - __main__ - INFO - ============================================================
2026-06-17 17:06:54 - __main__ - INFO - 🚀 Starting Binance Trading Bot - 2026-06-17 17:06:54
2026-06-17 17:06:54 - __main__ - INFO - 📊 Symbol: BTCUSDT
2026-06-17 17:06:54 - __main__ - INFO - 💰 Total Capital: $1000.0
2026-06-17 17:06:54 - __main__ - INFO - 🎯 Base Position: $100.0
2026-06-17 17:06:54 - __main__ - INFO - 🧪 Testnet Mode: True
2026-06-17 17:06:54 - __main__ - INFO - ============================================================
2026-06-17 17:06:55 - binance_client.rest_client - INFO - Binance client initialized. Testnet mode: True
2026-06-17 17:06:55 - binance_client.rest_client - INFO - API connection successful
2026-06-17 17:06:55 - binance_client.rest_client - INFO - Account verified successfully
2026-06-17 17:06:55 - __main__ - INFO - Step size: 1e-05, Min quantity: 1e-05
2026-06-17 17:06:55 - __main__ - INFO - Tick size: 0.01
2026-06-17 17:06:56 - __main__ - INFO - ✅ Connected to Binance. Current price: $64720.0000
2026-06-17 17:06:56 - binance_client.rest_client - INFO - USDT balance: 8763.8896828
2026-06-17 17:06:56 - __main__ - INFO - 💰 Account USDT Balance: $8763.8897
2026-06-17 17:06:56 - trading.strategy - INFO - 🎯 Reference price set to $64720.00
2026-06-17 17:06:56 - binance_client.rest_client - INFO - Binance client initialized. Testnet mode: True
2026-06-17 17:06:57 - binance_client.rest_client - INFO - API connection successful
2026-06-17 17:06:57 - binance_client.rest_client - INFO - Account verified successfully
2026-06-17 17:06:57 - binance_client.price_poller - INFO - Price poller initialized for BTCUSDT (interval: 1.0s)
2026-06-17 17:06:57 - __main__ - INFO - ✅ Bot initialized successfully
2026-06-17 17:06:57 - __main__ - INFO - 📡 Using REST API polling for price data (interval: 1s)
2026-06-17 17:06:57 - __main__ - INFO - 🔧 Precision: Step=1e-05, Tick=0.01, MinQty=1e-05, MinNotional=$10.0
2026-06-17 17:06:57 - __main__ - INFO - ✅ PID saved to bot.pid: 8560
2026-06-17 17:06:57 - __main__ - INFO - Bot started. Waiting for price updates...
2026-06-17 17:07:15 - root - INFO - Logging to file: trading_bot.log
2026-06-17 17:07:15 - __main__ - INFO - ============================================================
2026-06-17 17:07:15 - __main__ - INFO - 🚀 Starting Binance Trading Bot - 2026-06-17 17:07:15
2026-06-17 17:07:15 - __main__ - INFO - 📊 Symbol: BTCUSDT
2026-06-17 17:07:15 - __main__ - INFO - 💰 Total Capital: $1000.0
2026-06-17 17:07:15 - __main__ - INFO - 🎯 Base Position: $100.0
2026-06-17 17:07:15 - __main__ - INFO - 🧪 Testnet Mode: True
2026-06-17 17:07:15 - __main__ - INFO - ============================================================
2026-06-17 17:07:16 - binance_client.rest_client - INFO - Binance client initialized. Testnet mode: True
2026-06-17 17:07:16 - binance_client.rest_client - INFO - API connection successful
2026-06-17 17:07:16 - binance_client.rest_client - INFO - Account verified successfully
2026-06-17 17:07:17 - __main__ - INFO - Step size: 1e-05, Min quantity: 1e-05
2026-06-17 17:07:17 - __main__ - INFO - Tick size: 0.01
2026-06-17 17:07:17 - __main__ - INFO - ✅ Connected to Binance. Current price: $64734.2800
2026-06-17 17:07:17 - binance_client.rest_client - INFO - USDT balance: 8763.8896828
2026-06-17 17:07:17 - __main__ - INFO - 💰 Account USDT Balance: $8763.8897
2026-06-17 17:07:17 - trading.strategy - INFO - 🎯 Reference price set to $64734.28
2026-06-17 17:07:18 - binance_client.rest_client - INFO - Binance client initialized. Testnet mode: True
2026-06-17 17:07:18 - binance_client.rest_client - INFO - API connection successful
2026-06-17 17:07:18 - binance_client.rest_client - INFO - Account verified successfully
2026-06-17 17:07:18 - binance_client.price_poller - INFO - Price poller initialized for BTCUSDT (interval: 1.0s)
2026-06-17 17:07:18 - __main__ - INFO - ✅ Bot initialized successfully
2026-06-17 17:07:18 - __main__ - INFO - 📡 Using REST API polling for price data (interval: 1s)
2026-06-17 17:07:18 - __main__ - INFO - 🔧 Precision: Step=1e-05, Tick=0.01, MinQty=1e-05, MinNotional=$10.0
2026-06-17 17:07:18 - __main__ - INFO - ✅ PID saved to bot.pid: 11284
2026-06-17 17:07:18 - __main__ - INFO - Bot started. Waiting for price updates...
2026-06-17 17:10:18 - root - INFO - Logging to file: trading_bot.log
2026-06-17 17:10:18 - __main__ - INFO - ============================================================
2026-06-17 17:10:18 - __main__ - INFO - 🚀 Starting Binance Trading Bot - 2026-06-17 17:10:18
2026-06-17 17:10:18 - __main__ - INFO - 📊 Symbol: BTCUSDT
2026-06-17 17:10:18 - __main__ - INFO - 💰 Total Capital: $1000.0
2026-06-17 17:10:18 - __main__ - INFO - 🎯 Base Position: $100.0
2026-06-17 17:10:18 - __main__ - INFO - 🧪 Testnet Mode: True
2026-06-17 17:10:18 - __main__ - INFO - ============================================================
2026-06-17 17:10:19 - binance_client.rest_client - INFO - Binance client initialized. Testnet mode: True
2026-06-17 17:10:19 - binance_client.rest_client - INFO - API connection successful
2026-06-17 17:10:19 - binance_client.rest_client - INFO - Account verified successfully
2026-06-17 17:10:20 - __main__ - INFO - Step size: 1e-05, Min quantity: 1e-05
2026-06-17 17:10:20 - __main__ - INFO - Tick size: 0.01
2026-06-17 17:10:20 - __main__ - INFO - ✅ Connected to Binance. Current price: $64761.1900
2026-06-17 17:10:20 - binance_client.rest_client - INFO - USDT balance: 8763.8896828
2026-06-17 17:10:20 - __main__ - INFO - 💰 Account USDT Balance: $8763.8897
2026-06-17 17:10:20 - trading.strategy - INFO - 🎯 Reference price set to $64761.18
2026-06-17 17:10:21 - binance_client.rest_client - INFO - Binance client initialized. Testnet mode: True
2026-06-17 17:10:21 - binance_client.rest_client - INFO - API connection successful
2026-06-17 17:10:21 - binance_client.rest_client - INFO - Account verified successfully
2026-06-17 17:10:21 - binance_client.price_poller - INFO - Price poller initialized for BTCUSDT (interval: 1.0s)
2026-06-17 17:10:21 - __main__ - INFO - ✅ Bot initialized successfully
2026-06-17 17:10:21 - __main__ - INFO - 📡 Using REST API polling for price data (interval: 1s)
2026-06-17 17:10:21 - __main__ - INFO - 🔧 Precision: Step=1e-05, Tick=0.01, MinQty=1e-05, MinNotional=$10.0
2026-06-17 17:10:21 - __main__ - INFO - ✅ PID saved to bot.pid: 1852
2026-06-17 17:10:21 - __main__ - INFO - Bot started. Waiting for price updates...
2026-06-17 17:21:46 - root - INFO - Logging to file: trading_bot.log
2026-06-17 17:21:46 - __main__ - INFO - ============================================================
2026-06-17 17:21:46 - __main__ - INFO - 🚀 Starting Binance Trading Bot - 2026-06-17 17:21:46
2026-06-17 17:21:46 - __main__ - INFO - 📊 Symbol: BTCUSDT
2026-06-17 17:21:46 - __main__ - INFO - 💰 Total Capital: $1000.0
2026-06-17 17:21:46 - __main__ - INFO - 🎯 Base Position: $100.0
2026-06-17 17:21:46 - __main__ - INFO - 🧪 Testnet Mode: True
2026-06-17 17:21:46 - __main__ - INFO - ============================================================
2026-06-17 17:21:47 - binance_client.rest_client - INFO - Binance client initialized. Testnet mode: True
2026-06-17 17:21:47 - binance_client.rest_client - INFO - API connection successful
2026-06-17 17:21:48 - binance_client.rest_client - INFO - Account verified successfully
2026-06-17 17:21:48 - __main__ - INFO - Step size: 1e-05, Min quantity: 1e-05
2026-06-17 17:21:48 - __main__ - INFO - Tick size: 0.01
2026-06-17 17:21:48 - __main__ - INFO - ✅ Connected to Binance. Current price: $64843.0800
2026-06-17 17:21:48 - binance_client.rest_client - INFO - USDT balance: 8763.8896828
2026-06-17 17:21:48 - __main__ - INFO - 💰 Account USDT Balance: $8763.8897
2026-06-17 17:21:48 - trading.strategy - INFO - 🎯 Reference price set to $64843.08
2026-06-17 17:21:49 - binance_client.rest_client - INFO - Binance client initialized. Testnet mode: True
2026-06-17 17:21:49 - binance_client.rest_client - INFO - API connection successful
2026-06-17 17:21:50 - binance_client.rest_client - INFO - Account verified successfully
2026-06-17 17:21:50 - binance_client.price_poller - INFO - Price poller initialized for BTCUSDT (interval: 1.0s)
2026-06-17 17:21:50 - __main__ - INFO - ✅ Bot initialized successfully
2026-06-17 17:21:50 - __main__ - INFO - 📡 Using REST API polling for price data (interval: 1s)
2026-06-17 17:21:50 - __main__ - INFO - 🔧 Precision: Step=1e-05, Tick=0.01, MinQty=1e-05, MinNotional=$10.0
2026-06-17 17:21:50 - __main__ - INFO - ✅ PID saved to bot.pid: 9692
2026-06-17 17:21:50 - __main__ - INFO - Bot started. Waiting for price updates...
2026-06-17 17:21:50 - binance_client.price_poller - INFO - ✅ Price poller started for BTCUSDT
2026-06-17 17:22:41 - root - INFO - Logging to file: trading_bot.log
2026-06-17 17:22:41 - __main__ - INFO - ============================================================
2026-06-17 17:22:41 - __main__ - INFO - 🚀 Starting Binance Trading Bot - 2026-06-17 17:22:41
2026-06-17 17:22:41 - __main__ - INFO - 📊 Symbol: BTCUSDT
2026-06-17 17:22:41 - __main__ - INFO - 💰 Total Capital: $1000.0
2026-06-17 17:22:41 - __main__ - INFO - 🎯 Base Position: $100.0
2026-06-17 17:22:41 - __main__ - INFO - 🧪 Testnet Mode: True
2026-06-17 17:22:41 - __main__ - INFO - ============================================================
2026-06-17 17:22:42 - binance_client.rest_client - INFO - Binance client initialized. Testnet mode: True
2026-06-17 17:22:42 - binance_client.rest_client - INFO - API connection successful
2026-06-17 17:22:42 - binance_client.rest_client - INFO - Account verified successfully
2026-06-17 17:22:43 - __main__ - INFO - Step size: 1e-05, Min quantity: 1e-05
2026-06-17 17:22:43 - __main__ - INFO - Tick size: 0.01
2026-06-17 17:22:43 - __main__ - INFO - ✅ Connected to Binance. Current price: $64851.9900
2026-06-17 17:22:43 - binance_client.rest_client - INFO - USDT balance: 8763.8896828
2026-06-17 17:22:43 - __main__ - INFO - 💰 Account USDT Balance: $8763.8897
2026-06-17 17:22:43 - trading.strategy - INFO - 🎯 Reference price set to $64851.99
2026-06-17 17:22:44 - binance_client.rest_client - INFO - Binance client initialized. Testnet mode: True
2026-06-17 17:22:44 - binance_client.rest_client - INFO - API connection successful
2026-06-17 17:22:44 - binance_client.rest_client - INFO - Account verified successfully
2026-06-17 17:22:44 - binance_client.price_poller - INFO - Price poller initialized for BTCUSDT (interval: 1.0s)
2026-06-17 17:22:44 - __main__ - INFO - ✅ Bot initialized successfully
2026-06-17 17:22:44 - __main__ - INFO - 📡 Using REST API polling for price data (interval: 1s)
2026-06-17 17:22:44 - __main__ - INFO - 🔧 Precision: Step=1e-05, Tick=0.01, MinQty=1e-05, MinNotional=$10.0
2026-06-17 17:22:44 - __main__ - INFO - ✅ PID saved to bot.pid: 6720
2026-06-17 17:22:44 - __main__ - INFO - Bot started. Waiting for price updates...
2026-06-17 17:22:44 - binance_client.price_poller - INFO - ✅ Price poller started for BTCUSDT
2026-06-17 20:06:52 - root - INFO - Logging to file: trading_bot.log
2026-06-17 20:06:52 - __main__ - INFO - ============================================================
2026-06-17 20:06:52 - __main__ - INFO - 🚀 Starting Binance Trading Bot - 2026-06-17 20:06:52
2026-06-17 20:06:52 - __main__ - INFO - 📊 Symbol: BTCUSDT
2026-06-17 20:06:52 - __main__ - INFO - 💰 Total Capital: $1000.0
2026-06-17 20:06:52 - __main__ - INFO - 🎯 Base Position: $100.0
2026-06-17 20:06:52 - __main__ - INFO - 🧪 Testnet Mode: True
2026-06-17 20:06:52 - __main__ - INFO - ============================================================
2026-06-17 20:06:52 - binance_client.rest_client - INFO - Binance client initialized. Testnet mode: True
2026-06-17 20:06:53 - binance_client.rest_client - INFO - API connection successful
2026-06-17 20:06:53 - binance_client.rest_client - INFO - Account verified successfully
2026-06-17 20:06:53 - __main__ - INFO - Step size: 1e-05, Min quantity: 1e-05
2026-06-17 20:06:53 - __main__ - INFO - Tick size: 0.01
2026-06-17 20:06:53 - __main__ - INFO - ✅ Connected to Binance. Current price: $65162.0100
2026-06-17 20:06:54 - binance_client.rest_client - INFO - USDT balance: 8763.8896828
2026-06-17 20:06:54 - __main__ - INFO - 💰 Account USDT Balance: $8763.8897
2026-06-17 20:06:54 - trading.strategy - INFO - 🎯 Reference price set to $65162.01
2026-06-17 20:06:54 - binance_client.rest_client - INFO - Binance client initialized. Testnet mode: True
2026-06-17 20:06:55 - binance_client.rest_client - INFO - API connection successful
2026-06-17 20:06:55 - binance_client.rest_client - INFO - Account verified successfully
2026-06-17 20:06:55 - binance_client.price_poller - INFO - Price poller initialized for BTCUSDT (interval: 1.0s)
2026-06-17 20:06:55 - __main__ - INFO - ✅ Bot initialized successfully
2026-06-17 20:06:55 - __main__ - INFO - 📡 Using REST API polling for price data (interval: 1s)
2026-06-17 20:06:55 - __main__ - INFO - 🔧 Precision: Step=1e-05, Tick=0.01, MinQty=1e-05, MinNotional=$10.0
2026-06-17 20:06:55 - __main__ - INFO - ✅ PID saved to bot.pid: 13608
2026-06-17 20:06:55 - __main__ - INFO - Bot started. Waiting for price updates...
2026-06-17 20:06:55 - binance_client.price_poller - INFO - ✅ Price poller started for BTCUSDT
2026-06-17 20:29:35 - root - INFO - Logging to file: trading_bot.log
2026-06-17 20:29:35 - __main__ - INFO - ============================================================
2026-06-17 20:29:35 - __main__ - INFO - 🚀 Starting Binance Trading Bot - 2026-06-17 20:29:35
2026-06-17 20:29:35 - __main__ - INFO - 📊 Symbol: BTCUSDT
2026-06-17 20:29:35 - __main__ - INFO - 💰 Total Capital: $1000.0
2026-06-17 20:29:35 - __main__ - INFO - 🎯 Base Position: $100.0
2026-06-17 20:29:35 - __main__ - INFO - 🧪 Testnet Mode: True
2026-06-17 20:29:35 - __main__ - INFO - ============================================================
2026-06-17 20:29:36 - binance_client.rest_client - INFO - Binance client initialized. Testnet mode: True
2026-06-17 20:29:36 - binance_client.rest_client - INFO - API connection successful
2026-06-17 20:29:36 - binance_client.rest_client - INFO - Account verified successfully
2026-06-17 20:29:37 - __main__ - INFO - Step size: 1e-05, Min quantity: 1e-05
2026-06-17 20:29:37 - __main__ - INFO - Tick size: 0.01
2026-06-17 20:29:37 - __main__ - INFO - ✅ Connected to Binance. Current price: $65120.0000
2026-06-17 20:29:37 - binance_client.rest_client - INFO - USDT balance: 8763.8896828
2026-06-17 20:29:37 - __main__ - INFO - 💰 Account USDT Balance: $8763.8897
2026-06-17 20:29:37 - trading.strategy - INFO - 🎯 Reference price set to $65120.00
2026-06-17 20:29:38 - binance_client.rest_client - INFO - Binance client initialized. Testnet mode: True
2026-06-17 20:29:38 - binance_client.rest_client - INFO - API connection successful
2026-06-17 20:29:38 - binance_client.rest_client - INFO - Account verified successfully
2026-06-17 20:29:38 - binance_client.price_poller - INFO - Price poller initialized for BTCUSDT (interval: 1.0s)
2026-06-17 20:29:38 - __main__ - INFO - ✅ Bot initialized successfully
2026-06-17 20:29:38 - __main__ - INFO - 📡 Using REST API polling for price data (interval: 1s)
2026-06-17 20:29:38 - __main__ - INFO - 🔧 Precision: Step=1e-05, Tick=0.01, MinQty=1e-05, MinNotional=$10.0
2026-06-17 20:29:38 - __main__ - INFO - ✅ PID saved to bot.pid: 10188
2026-06-17 20:29:38 - __main__ - INFO - Bot started. Waiting for price updates...
2026-06-17 20:29:38 - binance_client.price_poller - INFO - ✅ Price poller started for BTCUSDT
2026-06-17 20:45:23 - root - INFO - Logging to file: trading_bot.log
2026-06-17 20:45:23 - __main__ - INFO - ============================================================
2026-06-17 20:45:23 - __main__ - INFO - 🚀 Starting Binance Trading Bot - 2026-06-17 20:45:23
2026-06-17 20:45:23 - __main__ - INFO - 📊 Symbol: ETHUSDT
2026-06-17 20:45:23 - __main__ - INFO - 💰 Total Capital: $1000.0
2026-06-17 20:45:23 - __main__ - INFO - 🎯 Base Position: $100.0
2026-06-17 20:45:23 - __main__ - INFO - 🧪 Testnet Mode: True
2026-06-17 20:45:23 - __main__ - INFO - ============================================================
2026-06-17 20:45:24 - binance_client.rest_client - INFO - Binance client initialized. Testnet mode: True
2026-06-17 20:45:24 - binance_client.rest_client - INFO - API connection successful
2026-06-17 20:45:24 - binance_client.rest_client - INFO - Account verified successfully
2026-06-17 20:45:24 - __main__ - INFO - Step size: 0.0001, Min quantity: 0.0001
2026-06-17 20:45:24 - __main__ - INFO - Tick size: 0.01
2026-06-17 20:45:25 - __main__ - INFO - ✅ Connected to Binance. Current price: $1758.0900
2026-06-17 20:45:25 - binance_client.rest_client - INFO - USDT balance: 8763.8896828
2026-06-17 20:45:25 - __main__ - INFO - 💰 Account USDT Balance: $8763.8897
2026-06-17 20:45:25 - trading.strategy - INFO - 🎯 Reference price set to $1758.09
2026-06-17 20:45:25 - binance_client.rest_client - INFO - Binance client initialized. Testnet mode: True
2026-06-17 20:45:26 - binance_client.rest_client - INFO - API connection successful
2026-06-17 20:45:26 - binance_client.rest_client - INFO - Account verified successfully
2026-06-17 20:45:26 - binance_client.price_poller - INFO - Price poller initialized for ETHUSDT (interval: 1.0s)
2026-06-17 20:45:26 - __main__ - INFO - ✅ Bot initialized successfully
2026-06-17 20:45:26 - __main__ - INFO - 📡 Using REST API polling for price data (interval: 1s)
2026-06-17 20:45:26 - __main__ - INFO - 🔧 Precision: Step=0.0001, Tick=0.01, MinQty=0.0001, MinNotional=$10.0
2026-06-17 20:45:26 - __main__ - INFO - ✅ PID saved to bot.pid: 9604
2026-06-17 20:45:26 - __main__ - INFO - Bot started. Waiting for price updates...
2026-06-17 20:45:26 - binance_client.price_poller - INFO - ✅ Price poller started for ETHUSDT
2026-06-17 20:49:44 - root - INFO - Logging to file: trading_bot.log
2026-06-17 20:49:44 - __main__ - INFO - ============================================================
2026-06-17 20:49:44 - __main__ - INFO - 🚀 Starting Binance Trading Bot - 2026-06-17 20:49:44
2026-06-17 20:49:44 - __main__ - INFO - 📊 Symbol: BTCUSDT
2026-06-17 20:49:44 - __main__ - INFO - 💰 Total Capital: $1000.0
2026-06-17 20:49:44 - __main__ - INFO - 🎯 Base Position: $100.0
2026-06-17 20:49:44 - __main__ - INFO - 🧪 Testnet Mode: True
2026-06-17 20:49:44 - __main__ - INFO - ============================================================
2026-06-17 20:49:45 - binance_client.rest_client - INFO - Binance client initialized. Testnet mode: True
2026-06-17 20:49:45 - binance_client.rest_client - INFO - API connection successful
2026-06-17 20:49:45 - binance_client.rest_client - INFO - Account verified successfully
2026-06-17 20:49:45 - __main__ - INFO - Step size: 1e-05, Min quantity: 1e-05
2026-06-17 20:49:45 - __main__ - INFO - Tick size: 0.01
2026-06-17 20:49:46 - __main__ - INFO - ✅ Connected to Binance. Current price: $65207.9900
2026-06-17 20:49:46 - binance_client.rest_client - INFO - USDT balance: 8763.8896828
2026-06-17 20:49:46 - __main__ - INFO - 💰 Account USDT Balance: $8763.8897
2026-06-17 20:49:46 - trading.strategy - INFO - 🎯 Reference price set to $65207.99
2026-06-17 20:49:47 - binance_client.rest_client - INFO - Binance client initialized. Testnet mode: True
2026-06-17 20:49:47 - binance_client.rest_client - INFO - API connection successful
2026-06-17 20:49:47 - binance_client.rest_client - INFO - Account verified successfully
2026-06-17 20:49:47 - binance_client.price_poller - INFO - Price poller initialized for BTCUSDT (interval: 1.0s)
2026-06-17 20:49:47 - __main__ - INFO - ✅ Bot initialized successfully
2026-06-17 20:49:47 - __main__ - INFO - 📡 Using REST API polling for price data (interval: 1s)
2026-06-17 20:49:47 - __main__ - INFO - 🔧 Precision: Step=1e-05, Tick=0.01, MinQty=1e-05, MinNotional=$10.0
2026-06-17 20:49:47 - __main__ - INFO - ✅ PID saved to bot.pid: 4792
2026-06-17 20:49:47 - __main__ - INFO - Bot started. Waiting for price updates...
2026-06-17 20:49:47 - binance_client.price_poller - INFO - ✅ Price poller started for BTCUSDT
2026-06-17 20:59:59 - root - INFO - Logging to file: trading_bot.log
2026-06-17 20:59:59 - __main__ - INFO - ============================================================
2026-06-17 20:59:59 - __main__ - INFO - 🚀 Starting Binance Trading Bot - 2026-06-17 20:59:59
2026-06-17 20:59:59 - __main__ - INFO - 📊 Symbol: ETHUSDT
2026-06-17 20:59:59 - __main__ - INFO - 💰 Total Capital: $1000.0
2026-06-17 20:59:59 - __main__ - INFO - 🎯 Base Position: $100.0
2026-06-17 20:59:59 - __main__ - INFO - 🧪 Testnet Mode: True
2026-06-17 20:59:59 - __main__ - INFO - ============================================================
2026-06-17 21:00:00 - binance_client.rest_client - INFO - Binance client initialized. Testnet mode: True
2026-06-17 21:00:00 - binance_client.rest_client - INFO - API connection successful
2026-06-17 21:00:01 - binance_client.rest_client - INFO - Account verified successfully
2026-06-17 21:00:01 - __main__ - INFO - Step size: 0.0001, Min quantity: 0.0001
2026-06-17 21:00:01 - __main__ - INFO - Tick size: 0.01
2026-06-17 21:00:01 - __main__ - INFO - ✅ Connected to Binance. Current price: $1763.0600
2026-06-17 21:00:01 - binance_client.rest_client - INFO - USDT balance: 8763.8896828
2026-06-17 21:00:01 - __main__ - INFO - 💰 Account USDT Balance: $8763.8897
2026-06-17 21:00:01 - trading.strategy - INFO - 🎯 Reference price set to $1763.06
2026-06-17 21:00:02 - binance_client.rest_client - INFO - Binance client initialized. Testnet mode: True
2026-06-17 21:00:03 - binance_client.rest_client - INFO - API connection successful
2026-06-17 21:00:03 - binance_client.rest_client - INFO - Account verified successfully
2026-06-17 21:00:03 - binance_client.price_poller - INFO - Price poller initialized for ETHUSDT (interval: 1.0s)
2026-06-17 21:00:03 - __main__ - INFO - ✅ Bot initialized successfully
2026-06-17 21:00:03 - __main__ - INFO - 📡 Using REST API polling for price data (interval: 1s)
2026-06-17 21:00:03 - __main__ - INFO - 🔧 Precision: Step=0.0001, Tick=0.01, MinQty=0.0001, MinNotional=$10.0
2026-06-17 21:00:03 - __main__ - INFO - ✅ PID saved to bot.pid: 11284
2026-06-17 21:00:03 - __main__ - INFO - Bot started. Waiting for price updates...
2026-06-17 21:00:03 - binance_client.price_poller - INFO - ✅ Price poller started for ETHUSDT
2026-06-19 21:15:05 - root - INFO - Logging to file: trading_bot.log
2026-06-19 21:15:05 - __main__ - INFO - ============================================================
2026-06-19 21:15:05 - __main__ - INFO - 🚀 Starting Binance Trading Bot - 2026-06-19 21:15:05
2026-06-19 21:15:05 - __main__ - INFO - 📊 Symbol: BTCUSDT
2026-06-19 21:15:05 - __main__ - INFO - 💰 Total Capital: $1000.0
2026-06-19 21:15:05 - __main__ - INFO - 🎯 Base Position: $100.0
2026-06-19 21:15:05 - __main__ - INFO - 🧪 Testnet Mode: True
2026-06-19 21:15:05 - __main__ - INFO - ============================================================
2026-06-19 21:15:05 - binance_client.rest_client - INFO - Binance client initialized. Testnet mode: True
2026-06-19 21:15:06 - binance_client.rest_client - INFO - API connection successful
2026-06-19 21:15:06 - binance_client.rest_client - INFO - Account verified successfully
2026-06-19 21:15:06 - __main__ - INFO - Step size: 1e-05, Min quantity: 1e-05
2026-06-19 21:15:06 - __main__ - INFO - Tick size: 0.01
2026-06-19 21:15:06 - __main__ - INFO - ✅ Connected to Binance. Current price: $63252.1600
2026-06-19 21:15:06 - binance_client.rest_client - INFO - USDT balance: 8763.8896828
2026-06-19 21:15:06 - __main__ - INFO - 💰 Account USDT Balance: $8763.8897
2026-06-19 21:15:06 - trading.strategy - INFO - 🎯 Reference price set to $63252.16
2026-06-19 21:15:07 - binance_client.rest_client - INFO - Binance client initialized. Testnet mode: True
2026-06-19 21:15:07 - binance_client.rest_client - INFO - API connection successful
2026-06-19 21:15:08 - binance_client.rest_client - INFO - Account verified successfully
2026-06-19 21:15:08 - binance_client.price_poller - INFO - Price poller initialized for BTCUSDT (interval: 1.0s)
2026-06-19 21:15:08 - __main__ - INFO - ✅ Bot initialized successfully
2026-06-19 21:15:08 - __main__ - INFO - 📡 Using REST API polling for price data (interval: 1s)
2026-06-19 21:15:08 - __main__ - INFO - 🔧 Precision: Step=1e-05, Tick=0.01, MinQty=1e-05, MinNotional=$10.0
2026-06-19 21:15:08 - __main__ - INFO - ✅ PID saved to bot.pid: 7272
2026-06-19 21:15:08 - __main__ - INFO - Bot started. Waiting for price updates...
2026-06-19 21:15:08 - binance_client.price_poller - INFO - ✅ Price poller started for BTCUSDT
2026-06-19 23:34:03 - trading.strategy - INFO - 📉 DUMP SIGNAL: Level 1 - Drop: 3.71% (Threshold: 2.0%)
2026-06-19 23:34:03 - trading.strategy - INFO -    Reference: $63252.16 → Current: $60907.85
2026-06-19 23:34:03 - __main__ - INFO - [32m🔔 BUY SIGNAL DETECTED - Level 1 @ $60907.8500[0m
2026-06-19 23:34:04 - binance_client.rest_client - INFO - USDT balance: 8763.8896828
2026-06-19 23:34:04 - __main__ - INFO - 💰 Attempting BUY: 0.00164000 BTCUSDT @ $60907.8500
2026-06-19 23:34:04 - binance_client.rest_client - INFO - USDT balance: 8763.8896828
2026-06-19 23:34:04 - trading.strategy - INFO - 💰 Executing BUY Level 1:
2026-06-19 23:34:04 - trading.strategy - INFO -    Amount: $99.89
2026-06-19 23:34:04 - trading.strategy - INFO -    Price: $60907.85
2026-06-19 23:34:04 - trading.strategy - INFO -    Quantity: 0.00164000
2026-06-19 23:34:04 - trading.strategy - INFO -    Order Value: $99.89
2026-06-19 23:34:04 - binance_client.rest_client - INFO - Market order executed: BUY 0.00164 BTCUSDT
2026-06-19 23:34:04 - trading.strategy - INFO - ✅ BUY EXECUTED: Level 1 - 0.00164000 BTCUSDT @ $60907.85
2026-06-19 23:34:04 - trading.strategy - INFO -    Position: 0.00164000 tokens @ $60907.85 avg
2026-06-19 23:34:04 - binance_client.rest_client - INFO - USDT balance: 8664.0008088
2026-06-19 23:34:07 - trading.strategy - INFO - 📉 DUMP SIGNAL: Level 2 - Drop: 6.02% (Threshold: 4.0%)
2026-06-19 23:34:07 - trading.strategy - INFO -    Reference: $63252.16 → Current: $59443.20
2026-06-19 23:34:07 - __main__ - INFO - [32m🔔 BUY SIGNAL DETECTED - Level 2 @ $59443.2000[0m
2026-06-19 23:34:08 - binance_client.rest_client - INFO - USDT balance: 8664.0008088
2026-06-19 23:34:08 - __main__ - INFO - 💰 Attempting BUY: 0.00336000 BTCUSDT @ $59443.2000
2026-06-19 23:34:08 - binance_client.rest_client - INFO - USDT balance: 8664.0008088
2026-06-19 23:34:08 - trading.strategy - INFO - 💰 Executing BUY Level 2:
2026-06-19 23:34:08 - trading.strategy - INFO -    Amount: $199.73
2026-06-19 23:34:08 - trading.strategy - INFO -    Price: $59443.20
2026-06-19 23:34:08 - trading.strategy - INFO -    Quantity: 0.00336000
2026-06-19 23:34:08 - trading.strategy - INFO -    Order Value: $199.73
2026-06-19 23:34:08 - binance_client.rest_client - INFO - Market order executed: BUY 0.00336 BTCUSDT
2026-06-19 23:34:08 - trading.strategy - INFO - ✅ BUY EXECUTED: Level 2 - 0.00336000 BTCUSDT @ $59443.20
2026-06-19 23:34:08 - trading.strategy - INFO -    Position: 0.00500000 tokens @ $59923.61 avg
2026-06-19 23:34:08 - binance_client.rest_client - INFO - USDT balance: 8462.1060649
2026-06-19 23:34:09 - trading.strategy - INFO - 📉 DUMP SIGNAL: Level 3 - Drop: 8.90% (Threshold: 6.0%)
2026-06-19 23:34:09 - trading.strategy - INFO -    Reference: $63252.16 → Current: $57623.80
2026-06-19 23:34:09 - __main__ - INFO - [32m🔔 BUY SIGNAL DETECTED - Level 3 @ $57623.8000[0m
2026-06-19 23:34:09 - binance_client.rest_client - INFO - USDT balance: 8462.1060649
2026-06-19 23:34:09 - __main__ - INFO - 💰 Attempting BUY: 0.00694000 BTCUSDT @ $57623.8000
2026-06-19 23:34:10 - binance_client.rest_client - INFO - USDT balance: 8462.1060649
2026-06-19 23:34:10 - trading.strategy - INFO - 💰 Executing BUY Level 3:
2026-06-19 23:34:10 - trading.strategy - INFO -    Amount: $399.91
2026-06-19 23:34:10 - trading.strategy - INFO -    Price: $57623.80
2026-06-19 23:34:10 - trading.strategy - INFO -    Quantity: 0.00694000
2026-06-19 23:34:10 - trading.strategy - INFO -    Order Value: $399.91
2026-06-19 23:34:10 - binance_client.rest_client - INFO - Market order executed: BUY 0.00694 BTCUSDT
2026-06-19 23:34:10 - trading.strategy - INFO - ✅ BUY EXECUTED: Level 3 - 0.00694000 BTCUSDT @ $57623.80
2026-06-19 23:34:10 - trading.strategy - INFO -    Position: 0.01194000 tokens @ $58586.87 avg
2026-06-19 23:34:10 - binance_client.rest_client - INFO - USDT balance: 8023.9392407
2026-06-19 23:34:11 - trading.strategy - INFO - 📈 SPIKE SIGNAL: Level 1 - Spike: 7.77% (Threshold: 2.0%)
2026-06-19 23:34:11 - trading.strategy - INFO -    Avg Cost: $58586.87 → Current: $63136.42
2026-06-19 23:34:11 - __main__ - INFO - [33m🔔 SELL SIGNAL DETECTED - Level 1 @ $63136.4200[0m
2026-06-19 23:34:11 - __main__ - INFO - 💰 Attempting SELL: 0.00298000 BTCUSDT @ $63136.4200
2026-06-19 23:34:11 - trading.strategy - INFO - 💰 Executing SELL Level 1:
2026-06-19 23:34:11 - trading.strategy - INFO -    Percentage: 25.0% of position
2026-06-19 23:34:11 - trading.strategy - INFO -    Quantity: 0.00298000
2026-06-19 23:34:11 - trading.strategy - INFO -    Price: $63136.42
2026-06-19 23:34:11 - trading.strategy - INFO -    Expected Profit: $13.56
2026-06-19 23:34:11 - binance_client.rest_client - INFO - Market order executed: SELL 0.00298 BTCUSDT
2026-06-19 23:34:11 - trading.strategy - INFO - ✅ SELL EXECUTED: Level 1 - 0.00298000 BTCUSDT @ $63136.42
2026-06-19 23:34:11 - trading.strategy - INFO -    Profit on this sale: $13.56
2026-06-19 23:34:12 - binance_client.rest_client - INFO - USDT balance: 8212.0857723
2026-06-19 23:34:13 - trading.strategy - INFO - 📈 SPIKE SIGNAL: Level 2 - Spike: 7.77% (Threshold: 4.0%)
2026-06-19 23:34:13 - trading.strategy - INFO -    Avg Cost: $58586.87 → Current: $63136.42
2026-06-19 23:34:13 - __main__ - INFO - [33m🔔 SELL SIGNAL DETECTED - Level 2 @ $63136.4200[0m
2026-06-19 23:34:13 - __main__ - INFO - 💰 Attempting SELL: 0.00224000 BTCUSDT @ $63136.4200
2026-06-19 23:34:13 - trading.strategy - INFO - 💰 Executing SELL Level 2:
2026-06-19 23:34:13 - trading.strategy - INFO -    Percentage: 25.0% of position
2026-06-19 23:34:13 - trading.strategy - INFO -    Quantity: 0.00224000
2026-06-19 23:34:13 - trading.strategy - INFO -    Price: $63136.42
2026-06-19 23:34:13 - trading.strategy - INFO -    Expected Profit: $10.19
2026-06-19 23:34:13 - binance_client.rest_client - INFO - Market order executed: SELL 0.00224 BTCUSDT
2026-06-19 23:34:13 - trading.strategy - INFO - ✅ SELL EXECUTED: Level 2 - 0.00224000 BTCUSDT @ $63136.42
2026-06-19 23:34:13 - trading.strategy - INFO -    Profit on this sale: $10.19
2026-06-19 23:34:13 - binance_client.rest_client - INFO - USDT balance: 8353.5113531
2026-06-19 23:34:14 - trading.strategy - INFO - 📈 SPIKE SIGNAL: Level 3 - Spike: 7.77% (Threshold: 6.0%)
2026-06-19 23:34:14 - trading.strategy - INFO -    Avg Cost: $58586.87 → Current: $63136.42
2026-06-19 23:34:14 - __main__ - INFO - [33m🔔 SELL SIGNAL DETECTED - Level 3 @ $63136.4200[0m
2026-06-19 23:34:14 - __main__ - INFO - 💰 Attempting SELL: 0.00167000 BTCUSDT @ $63136.4200
2026-06-19 23:34:14 - trading.strategy - INFO - 💰 Executing SELL Level 3:
2026-06-19 23:34:14 - trading.strategy - INFO -    Percentage: 25.0% of position
2026-06-19 23:34:14 - trading.strategy - INFO -    Quantity: 0.00167000
2026-06-19 23:34:14 - trading.strategy - INFO -    Price: $63136.42
2026-06-19 23:34:14 - trading.strategy - INFO -    Expected Profit: $7.60
2026-06-19 23:34:14 - binance_client.rest_client - INFO - Market order executed: SELL 0.00167 BTCUSDT
2026-06-19 23:34:14 - trading.strategy - INFO - ✅ SELL EXECUTED: Level 3 - 0.00167000 BTCUSDT @ $63136.42
2026-06-19 23:34:14 - trading.strategy - INFO -    Profit on this sale: $7.60
2026-06-19 23:34:14 - binance_client.rest_client - INFO - USDT balance: 8458.9491745
2026-06-19 23:58:18 - root - INFO - Logging to file: trading_bot.log
2026-06-19 23:58:18 - __main__ - INFO - ============================================================
2026-06-19 23:58:18 - __main__ - INFO - 🚀 Starting Binance Trading Bot - 2026-06-19 23:58:18
2026-06-19 23:58:18 - __main__ - INFO - 📊 Symbol: SOLUSDT
2026-06-19 23:58:18 - __main__ - INFO - 💰 Total Capital: $1000.0
2026-06-19 23:58:18 - __main__ - INFO - 🎯 Base Position: $100.0
2026-06-19 23:58:18 - __main__ - INFO - 🧪 Testnet Mode: True
2026-06-19 23:58:18 - __main__ - INFO - ============================================================
2026-06-19 23:58:18 - binance_client.rest_client - INFO - Binance client initialized. Testnet mode: True
2026-06-19 23:58:19 - binance_client.rest_client - INFO - API connection successful
2026-06-19 23:58:19 - binance_client.rest_client - INFO - Account verified successfully
2026-06-19 23:58:19 - __main__ - INFO - Step size: 0.001, Min quantity: 0.001
2026-06-19 23:58:19 - __main__ - INFO - Tick size: 0.01
2026-06-19 23:58:19 - __main__ - INFO - ✅ Connected to Binance. Current price: $69.0900
2026-06-19 23:58:20 - binance_client.rest_client - INFO - USDT balance: 8458.9491745
2026-06-19 23:58:20 - __main__ - INFO - 💰 Account USDT Balance: $8458.9492
2026-06-19 23:58:20 - trading.strategy - INFO - 🎯 Reference price set to $69.09
2026-06-19 23:58:20 - binance_client.rest_client - INFO - Binance client initialized. Testnet mode: True
2026-06-19 23:58:21 - binance_client.rest_client - INFO - API connection successful
2026-06-19 23:58:21 - binance_client.rest_client - INFO - Account verified successfully
2026-06-19 23:58:21 - binance_client.price_poller - INFO - Price poller initialized for SOLUSDT (interval: 1.0s)
2026-06-19 23:58:21 - __main__ - INFO - ✅ Bot initialized successfully
2026-06-19 23:58:21 - __main__ - INFO - 📡 Using REST API polling for price data (interval: 1s)
2026-06-19 23:58:21 - __main__ - INFO - 🔧 Precision: Step=0.001, Tick=0.01, MinQty=0.001, MinNotional=$10.0
2026-06-19 23:58:21 - __main__ - INFO - ✅ PID saved to bot.pid: 4776
2026-06-19 23:58:21 - __main__ - INFO - Bot started. Waiting for price updates...
2026-06-19 23:58:21 - binance_client.price_poller - INFO - ✅ Price poller started for SOLUSDT
2026-06-20 00:00:15 - trading.risk_manager - INFO - New day detected. Resetting daily counters.
2026-06-20 00:51:28 - root - INFO - Logging to file: trading_bot.log
2026-06-20 00:51:28 - __main__ - INFO - ============================================================
2026-06-20 00:51:28 - __main__ - INFO - 🚀 Starting Binance Trading Bot - 2026-06-20 00:51:28
2026-06-20 00:51:28 - __main__ - INFO - 📊 Symbol: XRPUSDT
2026-06-20 00:51:28 - __main__ - INFO - 💰 Total Capital: $1000.0
2026-06-20 00:51:28 - __main__ - INFO - 🎯 Base Position: $100.0
2026-06-20 00:51:28 - __main__ - INFO - 🧪 Testnet Mode: True
2026-06-20 00:51:28 - __main__ - INFO - ============================================================
2026-06-20 00:51:29 - binance_client.rest_client - INFO - Binance client initialized. Testnet mode: True
2026-06-20 00:51:29 - binance_client.rest_client - INFO - API connection successful
2026-06-20 00:51:30 - binance_client.rest_client - INFO - Account verified successfully
2026-06-20 00:51:30 - __main__ - INFO - Step size: 0.1, Min quantity: 0.1
2026-06-20 00:51:30 - __main__ - INFO - Tick size: 0.0001
2026-06-20 00:51:30 - __main__ - INFO - ✅ Connected to Binance. Current price: $1.1305
2026-06-20 00:51:30 - binance_client.rest_client - INFO - USDT balance: 8458.9491745
2026-06-20 00:51:30 - __main__ - INFO - 💰 Account USDT Balance: $8458.9492
2026-06-20 00:51:30 - trading.strategy - INFO - 🎯 Reference price set to $1.13
2026-06-20 00:51:31 - binance_client.rest_client - INFO - Binance client initialized. Testnet mode: True
2026-06-20 00:51:31 - binance_client.rest_client - INFO - API connection successful
2026-06-20 00:51:31 - binance_client.rest_client - INFO - Account verified successfully
2026-06-20 00:51:31 - binance_client.price_poller - INFO - Price poller initialized for XRPUSDT (interval: 1.0s)
2026-06-20 00:51:31 - __main__ - INFO - ✅ Bot initialized successfully
2026-06-20 00:51:31 - __main__ - INFO - 📡 Using REST API polling for price data (interval: 1s)
2026-06-20 00:51:31 - __main__ - INFO - 🔧 Precision: Step=0.1, Tick=0.0001, MinQty=0.1, MinNotional=$10.0
2026-06-20 00:51:31 - __main__ - INFO - ✅ PID saved to bot.pid: 13024
2026-06-20 00:51:31 - __main__ - INFO - Bot started. Waiting for price updates...
2026-06-20 00:51:31 - binance_client.price_poller - INFO - ✅ Price poller started for XRPUSDT
2026-06-20 00:53:00 - root - INFO - Logging to file: trading_bot.log
2026-06-20 00:53:00 - __main__ - INFO - ============================================================
2026-06-20 00:53:00 - __main__ - INFO - 🚀 Starting Binance Trading Bot - 2026-06-20 00:53:00
2026-06-20 00:53:00 - __main__ - INFO - 📊 Symbol: BTCUSDT
2026-06-20 00:53:00 - __main__ - INFO - 💰 Total Capital: $1000.0
2026-06-20 00:53:00 - __main__ - INFO - 🎯 Base Position: $100.0
2026-06-20 00:53:00 - __main__ - INFO - 🧪 Testnet Mode: True
2026-06-20 00:53:00 - __main__ - INFO - ============================================================
2026-06-20 00:53:01 - binance_client.rest_client - INFO - Binance client initialized. Testnet mode: True
2026-06-20 00:53:01 - binance_client.rest_client - INFO - API connection successful
2026-06-20 00:53:01 - binance_client.rest_client - INFO - Account verified successfully
2026-06-20 00:53:02 - __main__ - INFO - Step size: 1e-05, Min quantity: 1e-05
2026-06-20 00:53:02 - __main__ - INFO - Tick size: 0.01
2026-06-20 00:53:02 - __main__ - INFO - ✅ Connected to Binance. Current price: $63012.0200
2026-06-20 00:53:02 - binance_client.rest_client - INFO - USDT balance: 8458.9491745
2026-06-20 00:53:02 - __main__ - INFO - 💰 Account USDT Balance: $8458.9492
2026-06-20 00:53:02 - trading.strategy - INFO - 🎯 Reference price set to $63012.02
2026-06-20 00:53:03 - binance_client.rest_client - INFO - Binance client initialized. Testnet mode: True
2026-06-20 00:53:03 - binance_client.rest_client - INFO - API connection successful
2026-06-20 00:53:03 - binance_client.rest_client - INFO - Account verified successfully
2026-06-20 00:53:03 - binance_client.price_poller - INFO - Price poller initialized for BTCUSDT (interval: 1.0s)
2026-06-20 00:53:03 - __main__ - INFO - ✅ Bot initialized successfully
2026-06-20 00:53:03 - __main__ - INFO - 📡 Using REST API polling for price data (interval: 1s)
2026-06-20 00:53:03 - __main__ - INFO - 🔧 Precision: Step=1e-05, Tick=0.01, MinQty=1e-05, MinNotional=$10.0
2026-06-20 00:53:03 - __main__ - INFO - ✅ PID saved to bot.pid: 4112
2026-06-20 00:53:03 - __main__ - INFO - Bot started. Waiting for price updates...
2026-06-20 00:53:03 - binance_client.price_poller - INFO - ✅ Price poller started for BTCUSDT
2026-06-20 02:30:53 - trading.strategy - INFO - 📉 DUMP SIGNAL: Level 1 - Drop: 4.51% (Threshold: 2.0%)
2026-06-20 02:30:53 - trading.strategy - INFO -    Reference: $63012.02 → Current: $60167.59
2026-06-20 02:30:53 - __main__ - INFO - [32m🔔 BUY SIGNAL DETECTED - Level 1 @ $60167.5900[0m
2026-06-20 02:30:54 - binance_client.rest_client - INFO - USDT balance: 8458.9491745
2026-06-20 02:30:54 - __main__ - INFO - 💰 Attempting BUY: 0.00166000 BTCUSDT @ $60167.5900
2026-06-20 02:30:54 - binance_client.rest_client - INFO - USDT balance: 8458.9491745
2026-06-20 02:30:54 - trading.strategy - INFO - 💰 Executing BUY Level 1:
2026-06-20 02:30:54 - trading.strategy - INFO -    Amount: $99.88
2026-06-20 02:30:54 - trading.strategy - INFO -    Price: $60167.59
2026-06-20 02:30:54 - trading.strategy - INFO -    Quantity: 0.00166000
2026-06-20 02:30:54 - trading.strategy - INFO -    Order Value: $99.88
2026-06-20 02:30:54 - binance_client.rest_client - INFO - Market order executed: BUY 0.00166 BTCUSDT
2026-06-20 02:30:54 - trading.strategy - INFO - ✅ BUY EXECUTED: Level 1 - 0.00166000 BTCUSDT @ $60167.59
2026-06-20 02:30:54 - trading.strategy - INFO -    Position: 0.00166000 tokens @ $60167.59 avg
2026-06-20 02:30:54 - binance_client.rest_client - INFO - USDT balance: 8357.2953561
2026-06-20 02:30:55 - trading.strategy - INFO - 📈 SPIKE SIGNAL: Level 1 - Spike: 5.06% (Threshold: 2.0%)
2026-06-20 02:30:55 - trading.strategy - INFO -    Avg Cost: $60167.59 → Current: $63210.00
2026-06-20 02:30:55 - __main__ - INFO - [33m🔔 SELL SIGNAL DETECTED - Level 1 @ $63210.0000[0m
2026-06-20 02:30:55 - __main__ - INFO - 💰 Attempting SELL: 0.00041000 BTCUSDT @ $63210.0000
2026-06-20 02:30:55 - trading.strategy - INFO - 💰 Executing SELL Level 1:
2026-06-20 02:30:55 - trading.strategy - INFO -    Percentage: 25.0% of position
2026-06-20 02:30:55 - trading.strategy - INFO -    Quantity: 0.00041000
2026-06-20 02:30:55 - trading.strategy - INFO -    Price: $63210.00
2026-06-20 02:30:55 - trading.strategy - INFO -    Expected Profit: $1.25
2026-06-20 02:30:55 - binance_client.rest_client - INFO - Market order executed: SELL 0.00041 BTCUSDT
2026-06-20 02:30:55 - trading.strategy - INFO - ✅ SELL EXECUTED: Level 1 - 0.00041000 BTCUSDT @ $63210.00
2026-06-20 02:30:55 - trading.strategy - INFO -    Profit on this sale: $1.25
2026-06-20 02:30:55 - binance_client.rest_client - INFO - USDT balance: 8383.2114561
2026-06-20 02:30:57 - trading.strategy - INFO - 📈 SPIKE SIGNAL: Level 2 - Spike: 5.06% (Threshold: 4.0%)
2026-06-20 02:30:57 - trading.strategy - INFO -    Avg Cost: $60167.59 → Current: $63210.00
2026-06-20 02:30:57 - __main__ - INFO - [33m🔔 SELL SIGNAL DETECTED - Level 2 @ $63210.0000[0m
2026-06-20 02:30:57 - __main__ - INFO - 💰 Attempting SELL: 0.00031000 BTCUSDT @ $63210.0000
2026-06-20 02:30:57 - trading.strategy - INFO - 💰 Executing SELL Level 2:
2026-06-20 02:30:57 - trading.strategy - INFO -    Percentage: 25.0% of position
2026-06-20 02:30:57 - trading.strategy - INFO -    Quantity: 0.00031000
2026-06-20 02:30:57 - trading.strategy - INFO -    Price: $63210.00
2026-06-20 02:30:57 - trading.strategy - INFO -    Expected Profit: $0.94
2026-06-20 02:30:57 - binance_client.rest_client - INFO - Market order executed: SELL 0.00031 BTCUSDT
2026-06-20 02:30:57 - trading.strategy - INFO - ✅ SELL EXECUTED: Level 2 - 0.00031000 BTCUSDT @ $63210.00
2026-06-20 02:30:57 - trading.strategy - INFO -    Profit on this sale: $0.94
2026-06-20 02:30:57 - binance_client.rest_client - INFO - USDT balance: 8402.8065561
2026-06-20 03:16:02 - trading.strategy - INFO - 📉 DUMP SIGNAL: Level 2 - Drop: 4.63% (Threshold: 4.0%)
2026-06-20 03:16:02 - trading.strategy - INFO -    Reference: $63012.02 → Current: $60096.40
2026-06-20 03:16:02 - __main__ - INFO - [32m🔔 BUY SIGNAL DETECTED - Level 2 @ $60096.4000[0m
2026-06-20 03:16:02 - binance_client.rest_client - INFO - USDT balance: 8402.8065561
2026-06-20 03:16:02 - __main__ - INFO - 💰 Attempting BUY: 0.00332000 BTCUSDT @ $60096.4000
2026-06-20 03:16:03 - binance_client.rest_client - INFO - USDT balance: 8402.8065561
2026-06-20 03:16:03 - trading.strategy - INFO - 💰 Executing BUY Level 2:
2026-06-20 03:16:03 - trading.strategy - INFO -    Amount: $199.52
2026-06-20 03:16:03 - trading.strategy - INFO -    Price: $60096.40
2026-06-20 03:16:03 - trading.strategy - INFO -    Quantity: 0.00332000
2026-06-20 03:16:03 - trading.strategy - INFO -    Order Value: $199.52
2026-06-20 03:16:03 - binance_client.rest_client - INFO - Market order executed: BUY 0.00332 BTCUSDT
2026-06-20 03:16:03 - trading.strategy - INFO - ✅ BUY EXECUTED: Level 2 - 0.00332000 BTCUSDT @ $60096.40
2026-06-20 03:16:03 - trading.strategy - INFO -    Position: 0.00426000 tokens @ $60112.11 avg
2026-06-20 03:16:03 - binance_client.rest_client - INFO - USDT balance: 8193.2746829
2026-06-20 06:04:57 - trading.strategy - INFO - 📈 SPIKE SIGNAL: Level 3 - Spike: 6.08% (Threshold: 6.0%)
2026-06-20 06:04:57 - trading.strategy - INFO -    Avg Cost: $60112.11 → Current: $63764.48
2026-06-20 06:04:57 - __main__ - INFO - [33m🔔 SELL SIGNAL DETECTED - Level 3 @ $63764.4800[0m
2026-06-20 06:04:57 - __main__ - INFO - 💰 Attempting SELL: 0.00106000 BTCUSDT @ $63764.4800
2026-06-20 06:04:57 - trading.strategy - INFO - 💰 Executing SELL Level 3:
2026-06-20 06:04:57 - trading.strategy - INFO -    Percentage: 25.0% of position
2026-06-20 06:04:57 - trading.strategy - INFO -    Quantity: 0.00106000
2026-06-20 06:04:57 - trading.strategy - INFO -    Price: $63764.48
2026-06-20 06:04:57 - trading.strategy - INFO -    Expected Profit: $3.87
2026-06-20 06:04:57 - binance_client.rest_client - INFO - Market order executed: SELL 0.00106 BTCUSDT
2026-06-20 06:04:57 - trading.strategy - INFO - ✅ SELL EXECUTED: Level 3 - 0.00106000 BTCUSDT @ $63764.48
2026-06-20 06:04:57 - trading.strategy - INFO -    Profit on this sale: $3.87
2026-06-20 06:04:57 - binance_client.rest_client - INFO - USDT balance: 8260.8650317
2026-06-20 12:19:34 - root - INFO - Logging to file: trading_bot.log
2026-06-20 12:19:34 - __main__ - INFO - ============================================================
2026-06-20 12:19:34 - __main__ - INFO - 🚀 Starting Binance Trading Bot - 2026-06-20 12:19:34
2026-06-20 12:19:34 - __main__ - INFO - 📊 Symbol: BTCUSDT
2026-06-20 12:19:34 - __main__ - INFO - 💰 Total Capital: $1000.0
2026-06-20 12:19:34 - __main__ - INFO - 🎯 Base Position: $100.0
2026-06-20 12:19:34 - __main__ - INFO - 🧪 Testnet Mode: True
2026-06-20 12:19:34 - __main__ - INFO - ============================================================
2026-06-20 12:19:34 - binance_client.rest_client - INFO - Binance client initialized. Testnet mode: True
2026-06-20 12:19:35 - binance_client.rest_client - INFO - API connection successful
2026-06-20 12:19:35 - binance_client.rest_client - INFO - Account verified successfully
2026-06-20 12:19:35 - __main__ - INFO - Step size: 1e-05, Min quantity: 1e-05
2026-06-20 12:19:35 - __main__ - INFO - Tick size: 0.01
2026-06-20 12:19:36 - __main__ - INFO - ✅ Connected to Binance. Current price: $63744.0000
2026-06-20 12:19:36 - binance_client.rest_client - INFO - USDT balance: 8260.8650317
2026-06-20 12:19:36 - __main__ - INFO - 💰 Account USDT Balance: $8260.8650
2026-06-20 12:19:36 - trading.strategy - INFO - 🎯 Reference price set to $63744.00
2026-06-20 12:19:36 - binance_client.rest_client - INFO - Binance client initialized. Testnet mode: True
2026-06-20 12:19:37 - binance_client.rest_client - INFO - API connection successful
2026-06-20 12:19:37 - binance_client.rest_client - INFO - Account verified successfully
2026-06-20 12:19:37 - binance_client.price_poller - INFO - Price poller initialized for BTCUSDT (interval: 1.0s)
2026-06-20 12:19:37 - __main__ - INFO - ✅ Bot initialized successfully
2026-06-20 12:19:37 - __main__ - INFO - 📡 Using REST API polling for price data (interval: 1s)
2026-06-20 12:19:37 - __main__ - INFO - 🔧 Precision: Step=1e-05, Tick=0.01, MinQty=1e-05, MinNotional=$10.0
2026-06-20 12:19:37 - __main__ - INFO - ✅ PID saved to bot.pid: 14072
2026-06-20 12:19:37 - __main__ - INFO - Bot started. Waiting for price updates...
2026-06-20 12:19:37 - binance_client.price_poller - INFO - ✅ Price poller started for BTCUSDT
2026-06-20 18:03:20 - root - INFO - Logging to file: trading_bot.log
2026-06-20 18:03:20 - __main__ - INFO - ============================================================
2026-06-20 18:03:20 - __main__ - INFO - 🚀 Starting Binance Trading Bot - 2026-06-20 18:03:20
2026-06-20 18:03:20 - __main__ - INFO - 📊 Symbol: BTCUSDT
2026-06-20 18:03:20 - __main__ - INFO - 💰 Total Capital: $1000.0
2026-06-20 18:03:20 - __main__ - INFO - 🎯 Base Position: $100.0
2026-06-20 18:03:20 - __main__ - INFO - 🧪 Testnet Mode: True
2026-06-20 18:03:20 - __main__ - INFO - ============================================================
2026-06-20 18:03:20 - binance_client.rest_client - INFO - Binance client initialized. Testnet mode: True
2026-06-20 18:03:21 - binance_client.rest_client - INFO - API connection successful
2026-06-20 18:03:21 - binance_client.rest_client - INFO - Account verified successfully
2026-06-20 18:03:21 - __main__ - INFO - Step size: 1e-05, Min quantity: 1e-05
2026-06-20 18:03:21 - __main__ - INFO - Tick size: 0.01
2026-06-20 18:03:21 - __main__ - INFO - ✅ Connected to Binance. Current price: $63707.4500
2026-06-20 18:03:21 - binance_client.rest_client - INFO - USDT balance: 8260.8650317
2026-06-20 18:03:21 - __main__ - INFO - 💰 Account USDT Balance: $8260.8650
2026-06-20 18:03:21 - trading.strategy - INFO - 🎯 Reference price set to $63707.45
2026-06-20 18:03:22 - binance_client.rest_client - INFO - Binance client initialized. Testnet mode: True
2026-06-20 18:03:23 - binance_client.rest_client - INFO - API connection successful
2026-06-20 18:03:23 - binance_client.rest_client - INFO - Account verified successfully
2026-06-20 18:03:23 - binance_client.price_poller - INFO - Price poller initialized for BTCUSDT (interval: 1.0s)
2026-06-20 18:03:23 - __main__ - INFO - ✅ Bot initialized successfully
2026-06-20 18:03:23 - __main__ - INFO - 📡 Using REST API polling for price data (interval: 1s)
2026-06-20 18:03:23 - __main__ - INFO - 🔧 Precision: Step=1e-05, Tick=0.01, MinQty=1e-05, MinNotional=$10.0
2026-06-20 18:03:23 - __main__ - INFO - ✅ PID saved to bot.pid: 3312
2026-06-20 18:03:23 - __main__ - INFO - Bot started. Waiting for price updates...
2026-06-20 18:03:23 - binance_client.price_poller - INFO - ✅ Price poller started for BTCUSDT
2026-06-20 20:31:32 - root - INFO - Logging to file: trading_bot.log
2026-06-20 20:31:32 - __main__ - INFO - ============================================================
2026-06-20 20:31:32 - __main__ - INFO - 🚀 Starting Binance Trading Bot - 2026-06-20 20:31:32
2026-06-20 20:31:32 - __main__ - INFO - 📊 Symbol: BTCUSDT
2026-06-20 20:31:32 - __main__ - INFO - 💰 Total Capital: $1000.0
2026-06-20 20:31:32 - __main__ - INFO - 🎯 Base Position: $100.0
2026-06-20 20:31:32 - __main__ - INFO - 🧪 Testnet Mode: True
2026-06-20 20:31:32 - __main__ - INFO - ============================================================
2026-06-20 20:31:33 - binance_client.rest_client - INFO - Binance client initialized. Testnet mode: True
2026-06-20 20:31:34 - binance_client.rest_client - INFO - API connection successful
2026-06-20 20:31:34 - binance_client.rest_client - ERROR - API Error: APIError(code=-2014): API-key format invalid.
2026-06-20 20:31:34 - binance_client.rest_client - ERROR - Error code: -2014
2026-06-20 20:31:34 - binance_client.rest_client - ERROR - Error message: API-key format invalid.
2026-06-20 20:31:34 - binance_client.rest_client - ERROR - Failed to initialize Binance client: APIError(code=-2014): API-key format invalid.
2026-06-20 20:31:34 - __main__ - ERROR - ❌ Initialization failed: APIError(code=-2014): API-key format invalid.
2026-06-20 20:31:34 - __main__ - ERROR - Failed to initialize bot. Exiting.
2026-06-20 20:58:53 - root - INFO - Logging to file: trading_bot.log
2026-06-20 20:58:53 - __main__ - INFO - ============================================================
2026-06-20 20:58:53 - __main__ - INFO - 🚀 Starting Binance Trading Bot - 2026-06-20 20:58:53
2026-06-20 20:58:53 - __main__ - INFO - 📊 Symbol: BTCUSDT
2026-06-20 20:58:53 - __main__ - INFO - 💰 Total Capital: $1000.0
2026-06-20 20:58:53 - __main__ - INFO - 🎯 Base Position: $100.0
2026-06-20 20:58:53 - __main__ - INFO - 🧪 Testnet Mode: True
2026-06-20 20:58:53 - __main__ - INFO - ============================================================
2026-06-20 20:58:53 - binance_client.rest_client - INFO - Binance client initialized. Testnet mode: True
2026-06-20 20:58:54 - binance_client.rest_client - INFO - API connection successful
2026-06-20 20:58:54 - binance_client.rest_client - ERROR - API Error: APIError(code=-2014): API-key format invalid.
2026-06-20 20:58:54 - binance_client.rest_client - ERROR - Error code: -2014
2026-06-20 20:58:54 - binance_client.rest_client - ERROR - Error message: API-key format invalid.
2026-06-20 20:58:54 - binance_client.rest_client - ERROR - Failed to initialize Binance client: APIError(code=-2014): API-key format invalid.
2026-06-20 20:58:54 - __main__ - ERROR - ❌ Initialization failed: APIError(code=-2014): API-key format invalid.
2026-06-20 20:58:54 - __main__ - ERROR - Failed to initialize bot. Exiting.
2026-06-20 20:59:39 - root - INFO - Logging to file: trading_bot.log
2026-06-20 20:59:39 - __main__ - INFO - ============================================================
2026-06-20 20:59:39 - __main__ - INFO - 🚀 Starting Binance Trading Bot - 2026-06-20 20:59:39
2026-06-20 20:59:39 - __main__ - INFO - 📊 Symbol: BTCUSDT
2026-06-20 20:59:39 - __main__ - INFO - 💰 Total Capital: $1000.0
2026-06-20 20:59:39 - __main__ - INFO - 🎯 Base Position: $100.0
2026-06-20 20:59:39 - __main__ - INFO - 🧪 Testnet Mode: True
2026-06-20 20:59:39 - __main__ - INFO - ============================================================
2026-06-20 20:59:39 - binance_client.rest_client - INFO - Binance client initialized. Testnet mode: True
2026-06-20 20:59:40 - binance_client.rest_client - INFO - API connection successful
2026-06-20 20:59:40 - binance_client.rest_client - ERROR - API Error: APIError(code=-2014): API-key format invalid.
2026-06-20 20:59:40 - binance_client.rest_client - ERROR - Error code: -2014
2026-06-20 20:59:40 - binance_client.rest_client - ERROR - Error message: API-key format invalid.
2026-06-20 20:59:40 - binance_client.rest_client - ERROR - Failed to initialize Binance client: APIError(code=-2014): API-key format invalid.
2026-06-20 20:59:40 - __main__ - ERROR - ❌ Initialization failed: APIError(code=-2014): API-key format invalid.
2026-06-20 20:59:40 - __main__ - ERROR - Failed to initialize bot. Exiting.
2026-06-20 21:03:39 - root - INFO - Logging to file: trading_bot.log
2026-06-20 21:03:39 - __main__ - INFO - ============================================================
2026-06-20 21:03:39 - __main__ - INFO - 🚀 Starting Binance Trading Bot - 2026-06-20 21:03:39
2026-06-20 21:03:39 - __main__ - INFO - 📊 Symbol: BTCUSDT
2026-06-20 21:03:39 - __main__ - INFO - 💰 Total Capital: $1000.0
2026-06-20 21:03:39 - __main__ - INFO - 🎯 Base Position: $100.0
2026-06-20 21:03:39 - __main__ - INFO - 🧪 Testnet Mode: True
2026-06-20 21:03:39 - __main__ - INFO - ============================================================
2026-06-20 21:03:40 - binance_client.rest_client - INFO - Binance client initialized. Testnet mode: True
2026-06-20 21:03:40 - binance_client.rest_client - INFO - API connection successful
2026-06-20 21:03:40 - binance_client.rest_client - ERROR - API Error: APIError(code=-2014): API-key format invalid.
2026-06-20 21:03:40 - binance_client.rest_client - ERROR - Error code: -2014
2026-06-20 21:03:40 - binance_client.rest_client - ERROR - Error message: API-key format invalid.
2026-06-20 21:03:40 - binance_client.rest_client - ERROR - Failed to initialize Binance client: APIError(code=-2014): API-key format invalid.
2026-06-20 21:03:40 - __main__ - ERROR - ❌ Initialization failed: APIError(code=-2014): API-key format invalid.
2026-06-20 21:03:40 - __main__ - ERROR - Failed to initialize bot. Exiting.
2026-06-20 21:07:06 - root - INFO - Logging to file: trading_bot.log
2026-06-20 21:07:06 - __main__ - INFO - ============================================================
2026-06-20 21:07:06 - __main__ - INFO - 🚀 Starting Binance Trading Bot - 2026-06-20 21:07:06
2026-06-20 21:07:06 - __main__ - INFO - 📊 Symbol: BTCUSDT
2026-06-20 21:07:06 - __main__ - INFO - 💰 Total Capital: $1000.0
2026-06-20 21:07:06 - __main__ - INFO - 🎯 Base Position: $100.0
2026-06-20 21:07:06 - __main__ - INFO - 🧪 Testnet Mode: True
2026-06-20 21:07:06 - __main__ - INFO - ============================================================
2026-06-20 21:07:06 - binance_client.rest_client - ERROR - Invalid API key format. API key should be alphanumeric and at least 20 characters long.
2026-06-20 21:07:06 - binance_client.rest_client - ERROR - API Key length: 17
2026-06-20 21:07:06 - binance_client.rest_client - ERROR - API Key format check: False
2026-06-20 21:07:06 - __main__ - ERROR - ❌ Initialization failed: Invalid API key format. API key should be alphanumeric and at least 20 characters long.
2026-06-20 21:07:06 - __main__ - ERROR - Failed to initialize bot. Exiting.
2026-06-20 21:14:15 - root - INFO - Logging to file: trading_bot.log
2026-06-20 21:14:15 - __main__ - INFO - ============================================================
2026-06-20 21:14:15 - __main__ - INFO - 🚀 Starting Binance Trading Bot - 2026-06-20 21:14:15
2026-06-20 21:14:15 - __main__ - INFO - 📊 Symbol: BTCUSDT
2026-06-20 21:14:15 - __main__ - INFO - 💰 Total Capital: $1000.0
2026-06-20 21:14:15 - __main__ - INFO - 🎯 Base Position: $100.0
2026-06-20 21:14:15 - __main__ - INFO - 🧪 Testnet Mode: True
2026-06-20 21:14:15 - __main__ - INFO - ============================================================
2026-06-20 21:14:15 - __main__ - ERROR - ❌ Initialization failed: API keys required for user: None
2026-06-20 21:14:15 - __main__ - ERROR - Failed to initialize bot. Exiting.
2026-06-20 21:15:19 - root - INFO - Logging to file: trading_bot.log
2026-06-20 21:15:19 - __main__ - INFO - ============================================================
2026-06-20 21:15:19 - __main__ - INFO - 🚀 Starting Binance Trading Bot - 2026-06-20 21:15:19
2026-06-20 21:15:19 - __main__ - INFO - 📊 Symbol: BTCUSDT
2026-06-20 21:15:19 - __main__ - INFO - 💰 Total Capital: $1000.0
2026-06-20 21:15:19 - __main__ - INFO - 🎯 Base Position: $100.0
2026-06-20 21:15:19 - __main__ - INFO - 🧪 Testnet Mode: True
2026-06-20 21:15:19 - __main__ - INFO - ============================================================
2026-06-20 21:15:20 - binance_client.rest_client - INFO - Binance client initialized. Testnet mode: True
2026-06-20 21:15:20 - binance_client.rest_client - INFO - API connection successful
2026-06-20 21:15:20 - binance_client.rest_client - INFO - Account verified successfully
2026-06-20 21:15:21 - __main__ - INFO - Step size: 1e-05, Min quantity: 1e-05
2026-06-20 21:15:21 - __main__ - INFO - Tick size: 0.01
2026-06-20 21:15:21 - __main__ - INFO - ✅ Connected to Binance. Current price: $64151.5200
2026-06-20 21:15:21 - binance_client.rest_client - INFO - USDT balance: 8260.8650317
2026-06-20 21:15:21 - __main__ - INFO - 💰 Account USDT Balance: $8260.8650
2026-06-20 21:15:21 - trading.strategy - INFO - 🎯 Reference price set to $64151.52
2026-06-20 21:15:22 - binance_client.rest_client - INFO - Binance client initialized. Testnet mode: True
2026-06-20 21:15:22 - binance_client.rest_client - INFO - API connection successful
2026-06-20 21:15:22 - binance_client.rest_client - INFO - Account verified successfully
2026-06-20 21:15:22 - binance_client.price_poller - INFO - Price poller initialized for BTCUSDT (interval: 1.0s)
2026-06-20 21:15:22 - __main__ - INFO - ✅ Bot initialized successfully
2026-06-20 21:15:22 - __main__ - INFO - 📡 Using REST API polling for price data (interval: 1s)
2026-06-20 21:15:22 - __main__ - INFO - 🔧 Precision: Step=1e-05, Tick=0.01, MinQty=1e-05, MinNotional=$10.0
2026-06-20 21:15:22 - __main__ - INFO - ✅ PID saved to bot.pid: 11224
2026-06-20 21:15:22 - __main__ - INFO - Bot started. Waiting for price updates...
2026-06-20 21:15:22 - binance_client.price_poller - INFO - ✅ Price poller started for BTCUSDT
2026-06-20 21:15:59 - root - INFO - Logging to file: trading_bot.log
2026-06-20 21:15:59 - __main__ - INFO - ============================================================
2026-06-20 21:15:59 - __main__ - INFO - 🚀 Starting Binance Trading Bot - 2026-06-20 21:15:59
2026-06-20 21:15:59 - __main__ - INFO - 📊 Symbol: ETHUSDT
2026-06-20 21:15:59 - __main__ - INFO - 💰 Total Capital: $1000.0
2026-06-20 21:15:59 - __main__ - INFO - 🎯 Base Position: $100.0
2026-06-20 21:15:59 - __main__ - INFO - 🧪 Testnet Mode: True
2026-06-20 21:15:59 - __main__ - INFO - ============================================================
2026-06-20 21:15:59 - binance_client.rest_client - INFO - Binance client initialized. Testnet mode: True
2026-06-20 21:16:00 - binance_client.rest_client - INFO - API connection successful
2026-06-20 21:16:00 - binance_client.rest_client - INFO - Account verified successfully
2026-06-20 21:16:00 - __main__ - INFO - Step size: 0.0001, Min quantity: 0.0001
2026-06-20 21:16:00 - __main__ - INFO - Tick size: 0.01
2026-06-20 21:16:00 - __main__ - INFO - ✅ Connected to Binance. Current price: $1740.1100
2026-06-20 21:16:01 - binance_client.rest_client - INFO - USDT balance: 8260.8650317
2026-06-20 21:16:01 - __main__ - INFO - 💰 Account USDT Balance: $8260.8650
2026-06-20 21:16:01 - trading.strategy - INFO - 🎯 Reference price set to $1740.11
2026-06-20 21:16:01 - binance_client.rest_client - INFO - Binance client initialized. Testnet mode: True
2026-06-20 21:16:02 - binance_client.rest_client - INFO - API connection successful
2026-06-20 21:16:02 - binance_client.rest_client - INFO - Account verified successfully
2026-06-20 21:16:02 - binance_client.price_poller - INFO - Price poller initialized for ETHUSDT (interval: 1.0s)
2026-06-20 21:16:02 - __main__ - INFO - ✅ Bot initialized successfully
2026-06-20 21:16:02 - __main__ - INFO - 📡 Using REST API polling for price data (interval: 1s)
2026-06-20 21:16:02 - __main__ - INFO - 🔧 Precision: Step=0.0001, Tick=0.01, MinQty=0.0001, MinNotional=$10.0
2026-06-20 21:16:02 - __main__ - INFO - ✅ PID saved to bot.pid: 12760
2026-06-20 21:16:02 - __main__ - INFO - Bot started. Waiting for price updates...
2026-06-20 21:16:02 - binance_client.price_poller - INFO - ✅ Price poller started for ETHUSDT
2026-06-21 01:37:36 - root - INFO - Logging to file: trading_bot.log
2026-06-21 01:37:36 - __main__ - INFO - ============================================================
2026-06-21 01:37:36 - __main__ - INFO - 🚀 Starting Binance Trading Bot - 2026-06-21 01:37:36
2026-06-21 01:37:36 - __main__ - INFO - 📊 Symbol: BTCUSDT
2026-06-21 01:37:36 - __main__ - INFO - 💰 Total Capital: $1000.0
2026-06-21 01:37:36 - __main__ - INFO - 🎯 Base Position: $100.0
2026-06-21 01:37:36 - __main__ - INFO - 🧪 Testnet Mode: True
2026-06-21 01:37:36 - __main__ - INFO - ============================================================
2026-06-21 01:37:37 - binance_client.rest_client - INFO - Binance client initialized. Testnet mode: True
2026-06-21 01:37:37 - binance_client.rest_client - INFO - API connection successful
2026-06-21 01:37:37 - binance_client.rest_client - INFO - Account verified successfully
2026-06-21 01:37:38 - __main__ - INFO - Step size: 1e-05, Min quantity: 1e-05
2026-06-21 01:37:38 - __main__ - INFO - Tick size: 0.01
2026-06-21 01:37:38 - __main__ - INFO - ✅ Connected to Binance. Current price: $63978.8900
2026-06-21 01:37:38 - binance_client.rest_client - INFO - USDT balance: 8260.8650317
2026-06-21 01:37:38 - __main__ - INFO - 💰 Account USDT Balance: $8260.8650
2026-06-21 01:37:38 - trading.strategy - INFO - 🎯 Reference price set to $63978.89
2026-06-21 01:37:39 - binance_client.rest_client - INFO - Binance client initialized. Testnet mode: True
2026-06-21 01:37:39 - binance_client.rest_client - INFO - API connection successful
2026-06-21 01:37:39 - binance_client.rest_client - INFO - Account verified successfully
2026-06-21 01:37:39 - binance_client.price_poller - INFO - Price poller initialized for BTCUSDT (interval: 1.0s)
2026-06-21 01:37:39 - __main__ - INFO - ✅ Bot initialized successfully
2026-06-21 01:37:39 - __main__ - INFO - 📡 Using REST API polling for price data (interval: 1s)
2026-06-21 01:37:39 - __main__ - INFO - 🔧 Precision: Step=1e-05, Tick=0.01, MinQty=1e-05, MinNotional=$10.0
2026-06-21 01:37:39 - __main__ - INFO - ✅ PID saved to bot.pid: 14224
2026-06-21 01:37:39 - __main__ - INFO - Bot started. Waiting for price updates...
2026-06-21 01:37:39 - binance_client.price_poller - INFO - ✅ Price poller started for BTCUSDT
2026-06-21 03:26:47 - root - INFO - Logging to file: trading_bot.log
2026-06-21 03:26:47 - __main__ - INFO - ============================================================
2026-06-21 03:26:47 - __main__ - INFO - 🚀 Starting Binance Trading Bot - 2026-06-21 03:26:47
2026-06-21 03:26:47 - __main__ - INFO - 📊 Symbol: BTCUSDT
2026-06-21 03:26:47 - __main__ - INFO - 💰 Total Capital: $1000.0
2026-06-21 03:26:47 - __main__ - INFO - 🎯 Base Position: $100.0
2026-06-21 03:26:47 - __main__ - INFO - 🧪 Testnet Mode: True
2026-06-21 03:26:47 - __main__ - INFO - ============================================================
2026-06-21 03:26:48 - binance_client.rest_client - INFO - Binance client initialized. Testnet mode: True
2026-06-21 03:26:48 - binance_client.rest_client - INFO - API connection successful
2026-06-21 03:26:48 - binance_client.rest_client - INFO - Account verified successfully
2026-06-21 03:26:49 - __main__ - INFO - Step size: 1e-05, Min quantity: 1e-05
2026-06-21 03:26:49 - __main__ - INFO - Tick size: 0.01
2026-06-21 03:26:49 - __main__ - INFO - ✅ Connected to Binance. Current price: $64024.8700
2026-06-21 03:26:49 - binance_client.rest_client - INFO - USDT balance: 8260.8650317
2026-06-21 03:26:49 - __main__ - INFO - 💰 Account USDT Balance: $8260.8650
2026-06-21 03:26:49 - trading.strategy - INFO - 🎯 Reference price set to $64024.87
2026-06-21 03:26:50 - binance_client.rest_client - INFO - Binance client initialized. Testnet mode: True
2026-06-21 03:26:50 - binance_client.rest_client - INFO - API connection successful
2026-06-21 03:26:50 - binance_client.rest_client - INFO - Account verified successfully
2026-06-21 03:26:50 - binance_client.price_poller - INFO - Price poller initialized for BTCUSDT (interval: 1.0s)
2026-06-21 03:26:50 - __main__ - INFO - ✅ Bot initialized successfully
2026-06-21 03:26:50 - __main__ - INFO - 📡 Using REST API polling for price data (interval: 1s)
2026-06-21 03:26:50 - __main__ - INFO - 🔧 Precision: Step=1e-05, Tick=0.01, MinQty=1e-05, MinNotional=$10.0
2026-06-21 03:26:50 - __main__ - INFO - ✅ PID saved to bot.pid: 7556
2026-06-21 03:26:50 - __main__ - INFO - Bot started. Waiting for price updates...
2026-06-21 03:26:50 - binance_client.price_poller - INFO - ✅ Price poller started for BTCUSDT
2026-06-21 13:22:20 - root - INFO - Logging to file: trading_bot.log
2026-06-21 13:22:20 - __main__ - INFO - ============================================================
2026-06-21 13:22:20 - __main__ - INFO - 🚀 Starting Binance Trading Bot - 2026-06-21 13:22:20
2026-06-21 13:22:20 - __main__ - INFO - 📊 Symbol: BTCUSDT
2026-06-21 13:22:20 - __main__ - INFO - 💰 Total Capital: $1000.0
2026-06-21 13:22:20 - __main__ - INFO - 🎯 Base Position: $100.0
2026-06-21 13:22:20 - __main__ - INFO - 🧪 Testnet Mode: True
2026-06-21 13:22:20 - __main__ - INFO - ============================================================
2026-06-21 13:22:20 - binance_client.rest_client - INFO - Binance client initialized. Testnet mode: True
2026-06-21 13:22:21 - binance_client.rest_client - INFO - API connection successful
2026-06-21 13:22:21 - binance_client.rest_client - INFO - Account verified successfully
2026-06-21 13:22:21 - __main__ - INFO - Step size: 1e-05, Min quantity: 1e-05
2026-06-21 13:22:21 - __main__ - INFO - Tick size: 0.01
2026-06-21 13:22:21 - __main__ - INFO - ✅ Connected to Binance. Current price: $64236.0200
2026-06-21 13:22:22 - binance_client.rest_client - INFO - USDT balance: 8260.8650317
2026-06-21 13:22:22 - __main__ - INFO - 💰 Account USDT Balance: $8260.8650
2026-06-21 13:22:22 - trading.strategy - INFO - 🎯 Reference price set to $64236.02
2026-06-21 13:22:22 - binance_client.rest_client - INFO - Binance client initialized. Testnet mode: True
2026-06-21 13:22:23 - binance_client.rest_client - INFO - API connection successful
2026-06-21 13:22:23 - binance_client.rest_client - INFO - Account verified successfully
2026-06-21 13:22:23 - binance_client.price_poller - INFO - Price poller initialized for BTCUSDT (interval: 1.0s)
2026-06-21 13:22:23 - __main__ - INFO - ✅ Bot initialized successfully
2026-06-21 13:22:23 - __main__ - INFO - 📡 Using REST API polling for price data (interval: 1s)
2026-06-21 13:22:23 - __main__ - INFO - 🔧 Precision: Step=1e-05, Tick=0.01, MinQty=1e-05, MinNotional=$10.0
2026-06-21 13:22:23 - __main__ - INFO - ✅ PID saved to bot.pid: 1528
2026-06-21 13:22:23 - __main__ - INFO - Bot started. Waiting for price updates...
2026-06-21 13:22:23 - binance_client.price_poller - INFO - ✅ Price poller started for BTCUSDT
2026-06-21 15:13:27 - root - INFO - Logging to file: trading_bot.log
2026-06-21 15:13:27 - __main__ - INFO - ============================================================
2026-06-21 15:13:27 - __main__ - INFO - 🚀 Starting Binance Trading Bot - 2026-06-21 15:13:27
2026-06-21 15:13:27 - __main__ - INFO - 📊 Symbol: XRPUSDT
2026-06-21 15:13:27 - __main__ - INFO - 💰 Total Capital: $1000.0
2026-06-21 15:13:27 - __main__ - INFO - 🎯 Base Position: $100.0
2026-06-21 15:13:27 - __main__ - INFO - 🧪 Testnet Mode: True
2026-06-21 15:13:27 - __main__ - INFO - ============================================================
2026-06-21 15:13:27 - binance_client.rest_client - INFO - Binance client initialized. Testnet mode: True
2026-06-21 15:13:28 - binance_client.rest_client - INFO - API connection successful
2026-06-21 15:13:28 - binance_client.rest_client - INFO - Account verified successfully
2026-06-21 15:13:28 - __main__ - INFO - Step size: 0.1, Min quantity: 0.1
2026-06-21 15:13:28 - __main__ - INFO - Tick size: 0.0001
2026-06-21 15:13:28 - __main__ - INFO - ✅ Connected to Binance. Current price: $1.1489
2026-06-21 15:13:28 - binance_client.rest_client - INFO - USDT balance: 8260.8650317
2026-06-21 15:13:28 - __main__ - INFO - 💰 Account USDT Balance: $8260.8650
2026-06-21 15:13:29 - trading.strategy - INFO - 🎯 Reference price set to $1.15
2026-06-21 15:13:29 - binance_client.rest_client - INFO - Binance client initialized. Testnet mode: True
2026-06-21 15:13:30 - binance_client.rest_client - INFO - API connection successful
2026-06-21 15:13:30 - binance_client.rest_client - INFO - Account verified successfully
2026-06-21 15:13:30 - binance_client.price_poller - INFO - Price poller initialized for XRPUSDT (interval: 1.0s)
2026-06-21 15:13:30 - __main__ - INFO - ✅ Bot initialized successfully
2026-06-21 15:13:30 - __main__ - INFO - 📡 Using REST API polling for price data (interval: 1s)
2026-06-21 15:13:30 - __main__ - INFO - 🔧 Precision: Step=0.1, Tick=0.0001, MinQty=0.1, MinNotional=$10.0
2026-06-21 15:13:30 - __main__ - INFO - ✅ PID saved to bot.pid: 7068
2026-06-21 15:13:30 - __main__ - INFO - Bot started. Waiting for price updates...
2026-06-21 15:13:30 - binance_client.price_poller - INFO - ✅ Price poller started for XRPUSDT
2026-06-21 15:15:11 - root - INFO - Logging to file: trading_bot.log
2026-06-21 15:15:11 - __main__ - INFO - ============================================================
2026-06-21 15:15:11 - __main__ - INFO - 🚀 Starting Binance Trading Bot - 2026-06-21 15:15:11
2026-06-21 15:15:11 - __main__ - INFO - 📊 Symbol: BTCUSDT
2026-06-21 15:15:11 - __main__ - INFO - 💰 Total Capital: $1000.0
2026-06-21 15:15:11 - __main__ - INFO - 🎯 Base Position: $100.0
2026-06-21 15:15:11 - __main__ - INFO - 🧪 Testnet Mode: True
2026-06-21 15:15:11 - __main__ - INFO - ============================================================
2026-06-21 15:15:11 - binance_client.rest_client - INFO - Binance client initialized. Testnet mode: True
2026-06-21 15:15:12 - binance_client.rest_client - INFO - API connection successful
2026-06-21 15:15:12 - binance_client.rest_client - INFO - Account verified successfully
2026-06-21 15:15:12 - __main__ - INFO - Step size: 1e-05, Min quantity: 1e-05
2026-06-21 15:15:12 - __main__ - INFO - Tick size: 0.01
2026-06-21 15:15:12 - __main__ - INFO - ✅ Connected to Binance. Current price: $64136.0000
2026-06-21 15:15:13 - binance_client.rest_client - INFO - USDT balance: 8260.8650317
2026-06-21 15:15:13 - __main__ - INFO - 💰 Account USDT Balance: $8260.8650
2026-06-21 15:15:13 - trading.strategy - INFO - 🎯 Reference price set to $64136.00
2026-06-21 15:15:13 - binance_client.rest_client - INFO - Binance client initialized. Testnet mode: True
2026-06-21 15:15:14 - binance_client.rest_client - INFO - API connection successful
2026-06-21 15:15:14 - binance_client.rest_client - INFO - Account verified successfully
2026-06-21 15:15:14 - binance_client.price_poller - INFO - Price poller initialized for BTCUSDT (interval: 1.0s)
2026-06-21 15:15:14 - __main__ - INFO - ✅ Bot initialized successfully
2026-06-21 15:15:14 - __main__ - INFO - 📡 Using REST API polling for price data (interval: 1s)
2026-06-21 15:15:14 - __main__ - INFO - 🔧 Precision: Step=1e-05, Tick=0.01, MinQty=1e-05, MinNotional=$10.0
2026-06-21 15:15:14 - __main__ - INFO - ✅ PID saved to bot.pid: 3232
2026-06-21 15:15:14 - __main__ - INFO - Bot started. Waiting for price updates...
2026-06-21 15:15:14 - binance_client.price_poller - INFO - ✅ Price poller started for BTCUSDT
2026-06-21 15:32:16 - root - INFO - Logging to file: trading_bot.log
2026-06-21 15:32:16 - __main__ - INFO - ============================================================
2026-06-21 15:32:16 - __main__ - INFO - 🚀 Starting Binance Trading Bot - 2026-06-21 15:32:16
2026-06-21 15:32:16 - __main__ - INFO - 📊 Symbol: BTCUSDT
2026-06-21 15:32:16 - __main__ - INFO - 💰 Total Capital: $1000.0
2026-06-21 15:32:16 - __main__ - INFO - 🎯 Base Position: $100.0
2026-06-21 15:32:16 - __main__ - INFO - 🧪 Testnet Mode: True
2026-06-21 15:32:16 - __main__ - INFO - ============================================================
2026-06-21 15:32:16 - binance_client.rest_client - INFO - Binance client initialized. Testnet mode: True
2026-06-21 15:32:17 - binance_client.rest_client - INFO - API connection successful
2026-06-21 15:32:17 - binance_client.rest_client - INFO - Account verified successfully
2026-06-21 15:32:17 - __main__ - INFO - Step size: 1e-05, Min quantity: 1e-05
2026-06-21 15:32:17 - __main__ - INFO - Tick size: 0.01
2026-06-21 15:32:17 - __main__ - INFO - ✅ Connected to Binance. Current price: $64246.0000
2026-06-21 15:32:17 - binance_client.rest_client - INFO - USDT balance: 8260.8650317
2026-06-21 15:32:17 - __main__ - INFO - 💰 Account USDT Balance: $8260.8650
2026-06-21 15:32:17 - trading.strategy - INFO - 🎯 Reference price set to $64246.00
2026-06-21 15:32:18 - binance_client.rest_client - INFO - Binance client initialized. Testnet mode: True
2026-06-21 15:32:18 - binance_client.rest_client - INFO - API connection successful
2026-06-21 15:32:19 - binance_client.rest_client - INFO - Account verified successfully
2026-06-21 15:32:19 - binance_client.price_poller - INFO - Price poller initialized for BTCUSDT (interval: 1.0s)
2026-06-21 15:32:19 - __main__ - INFO - ✅ Bot initialized successfully
2026-06-21 15:32:19 - __main__ - INFO - 📡 Using REST API polling for price data (interval: 1s)
2026-06-21 15:32:19 - __main__ - INFO - 🔧 Precision: Step=1e-05, Tick=0.01, MinQty=1e-05, MinNotional=$10.0
2026-06-21 15:32:19 - __main__ - INFO - ✅ PID saved to bot.pid: 9048
2026-06-21 15:32:19 - __main__ - INFO - Bot started. Waiting for price updates...
2026-06-21 15:32:19 - binance_client.price_poller - INFO - ✅ Price poller started for BTCUSDT
2026-06-21 16:43:05 - root - INFO - Logging to file: trading_bot.log
2026-06-21 16:43:05 - __main__ - INFO - ============================================================
2026-06-21 16:43:05 - __main__ - INFO - 🚀 Starting Binance Trading Bot - 2026-06-21 16:43:05
2026-06-21 16:43:05 - __main__ - INFO - 📊 Symbol: BTCUSDT
2026-06-21 16:43:05 - __main__ - INFO - 💰 Total Capital: $1000.0
2026-06-21 16:43:05 - __main__ - INFO - 🎯 Base Position: $100.0
2026-06-21 16:43:05 - __main__ - INFO - 🧪 Testnet Mode: True
2026-06-21 16:43:05 - __main__ - INFO - ============================================================
2026-06-21 16:43:05 - binance_client.rest_client - INFO - Binance client initialized. Testnet mode: True
2026-06-21 16:43:06 - binance_client.rest_client - INFO - API connection successful
2026-06-21 16:43:06 - binance_client.rest_client - INFO - Account verified successfully
2026-06-21 16:43:06 - __main__ - INFO - Step size: 1e-05, Min quantity: 1e-05
2026-06-21 16:43:06 - __main__ - INFO - Tick size: 0.01
2026-06-21 16:43:06 - __main__ - INFO - ✅ Connected to Binance. Current price: $64436.0200
2026-06-21 16:43:07 - binance_client.rest_client - INFO - USDT balance: 8260.8650317
2026-06-21 16:43:07 - __main__ - INFO - 💰 Account USDT Balance: $8260.8650
2026-06-21 16:43:07 - trading.strategy - INFO - 🎯 Reference price set to $64436.02
2026-06-21 16:43:07 - binance_client.rest_client - INFO - Binance client initialized. Testnet mode: True
2026-06-21 16:43:08 - binance_client.rest_client - INFO - API connection successful
2026-06-21 16:43:08 - binance_client.rest_client - INFO - Account verified successfully
2026-06-21 16:43:08 - binance_client.price_poller - INFO - Price poller initialized for BTCUSDT (interval: 1.0s)
2026-06-21 16:43:08 - __main__ - INFO - ✅ Bot initialized successfully
2026-06-21 16:43:08 - __main__ - INFO - 📡 Using REST API polling for price data (interval: 1s)
2026-06-21 16:43:08 - __main__ - INFO - 🔧 Precision: Step=1e-05, Tick=0.01, MinQty=1e-05, MinNotional=$10.0
2026-06-21 16:43:08 - __main__ - INFO - ✅ PID saved to bot.pid: 10700
2026-06-21 16:43:08 - __main__ - INFO - Bot started. Waiting for price updates...
2026-06-21 16:43:08 - binance_client.price_poller - INFO - ✅ Price poller started for BTCUSDT
2026-06-21 20:52:35 - root - INFO - Logging to file: trading_bot.log
2026-06-21 20:52:35 - __main__ - INFO - ============================================================
2026-06-21 20:52:35 - __main__ - INFO - 🚀 Starting Binance Trading Bot - 2026-06-21 20:52:35
2026-06-21 20:52:35 - __main__ - INFO - 📊 Symbol: BTCUSDT
2026-06-21 20:52:35 - __main__ - INFO - 💰 Total Capital: $1000.0
2026-06-21 20:52:35 - __main__ - INFO - 🎯 Base Position: $100.0
2026-06-21 20:52:35 - __main__ - INFO - 🧪 Testnet Mode: True
2026-06-21 20:52:35 - __main__ - INFO - ============================================================
2026-06-21 20:52:36 - binance_client.rest_client - INFO - Binance client initialized. Testnet mode: True
2026-06-21 20:52:36 - binance_client.rest_client - INFO - API connection successful
2026-06-21 20:52:36 - binance_client.rest_client - INFO - Account verified successfully
2026-06-21 20:52:37 - __main__ - INFO - Step size: 1e-05, Min quantity: 1e-05
2026-06-21 20:52:37 - __main__ - INFO - Tick size: 0.01
2026-06-21 20:52:37 - __main__ - INFO - ✅ Connected to Binance. Current price: $64192.5300
2026-06-21 20:52:37 - binance_client.rest_client - INFO - USDT balance: 8260.8650317
2026-06-21 20:52:37 - __main__ - INFO - 💰 Account USDT Balance: $8260.8650
2026-06-21 20:52:37 - trading.strategy - INFO - 🎯 Reference price set to $64194.00
2026-06-21 20:52:38 - binance_client.rest_client - INFO - Binance client initialized. Testnet mode: True
2026-06-21 20:52:38 - binance_client.rest_client - INFO - API connection successful
2026-06-21 20:52:38 - binance_client.rest_client - INFO - Account verified successfully
2026-06-21 20:52:38 - binance_client.price_poller - INFO - Price poller initialized for BTCUSDT (interval: 1.0s)
2026-06-21 20:52:38 - __main__ - INFO - ✅ Bot initialized successfully
2026-06-21 20:52:38 - __main__ - INFO - 📡 Using REST API polling for price data (interval: 1s)
2026-06-21 20:52:38 - __main__ - INFO - 🔧 Precision: Step=1e-05, Tick=0.01, MinQty=1e-05, MinNotional=$10.0
2026-06-21 20:52:38 - __main__ - INFO - ✅ PID saved to bot.pid: 10812
2026-06-21 20:52:38 - __main__ - INFO - Bot started. Waiting for price updates...
2026-06-21 20:52:38 - binance_client.price_poller - INFO - ✅ Price poller started for BTCUSDT
2026-06-21 21:35:47 - trading.strategy - INFO - 📉 DUMP SIGNAL: Level 1 - Drop: 2.14% (Threshold: 2.0%)
2026-06-21 21:35:47 - trading.strategy - INFO -    Reference: $64194.00 → Current: $62822.20
2026-06-21 21:35:47 - __main__ - INFO - [32m🔔 BUY SIGNAL DETECTED - Level 1 @ $62822.2000[0m
2026-06-21 21:35:47 - binance_client.rest_client - INFO - USDT balance: 8260.8650317
2026-06-21 21:35:47 - __main__ - INFO - 💰 Attempting BUY: 0.00159000 BTCUSDT @ $62822.2000
2026-06-21 21:35:47 - binance_client.rest_client - INFO - USDT balance: 8260.8650317
2026-06-21 21:35:47 - trading.strategy - INFO - 💰 Executing BUY Level 1:
2026-06-21 21:35:47 - trading.strategy - INFO -    Amount: $99.89
2026-06-21 21:35:47 - trading.strategy - INFO -    Price: $62822.20
2026-06-21 21:35:47 - trading.strategy - INFO -    Quantity: 0.00159000
2026-06-21 21:35:47 - trading.strategy - INFO -    Order Value: $99.89
2026-06-21 21:35:48 - binance_client.rest_client - INFO - Market order executed: BUY 0.00159 BTCUSDT
2026-06-21 21:35:48 - trading.strategy - INFO - ✅ BUY EXECUTED: Level 1 - 0.00159000 BTCUSDT @ $62822.20
2026-06-21 21:35:48 - trading.strategy - INFO -    Position: 0.00159000 tokens @ $62822.20 avg
2026-06-21 21:35:48 - binance_client.rest_client - INFO - USDT balance: 8160.2600172
2026-06-21 21:35:53 - trading.strategy - INFO - 📈 SPIKE SIGNAL: Level 1 - Spike: 2.18% (Threshold: 2.0%)
2026-06-21 21:35:53 - trading.strategy - INFO -    Avg Cost: $62822.20 → Current: $64190.01
2026-06-21 21:35:53 - __main__ - INFO - [33m🔔 SELL SIGNAL DETECTED - Level 1 @ $64190.0100[0m
2026-06-21 21:35:53 - __main__ - INFO - 💰 Attempting SELL: 0.00039000 BTCUSDT @ $64190.0100
2026-06-21 21:35:53 - trading.strategy - INFO - 💰 Executing SELL Level 1:
2026-06-21 21:35:53 - trading.strategy - INFO -    Percentage: 25.0% of position
2026-06-21 21:35:53 - trading.strategy - INFO -    Quantity: 0.00039000
2026-06-21 21:35:53 - trading.strategy - INFO -    Price: $64190.01
2026-06-21 21:35:53 - trading.strategy - INFO -    Expected Profit: $0.53
2026-06-21 21:35:54 - binance_client.rest_client - INFO - Market order executed: SELL 0.00039 BTCUSDT
2026-06-21 21:35:54 - trading.strategy - INFO - ✅ SELL EXECUTED: Level 1 - 0.00039000 BTCUSDT @ $64190.01
2026-06-21 21:35:54 - trading.strategy - INFO -    Profit on this sale: $0.53
2026-06-21 21:35:54 - binance_client.rest_client - INFO - USDT balance: 8185.2929316
2026-06-22 00:01:13 - trading.risk_manager - INFO - New day detected. Resetting daily counters.
2026-06-22 03:37:45 - trading.strategy - INFO - 📉 DUMP SIGNAL: Level 2 - Drop: 4.10% (Threshold: 4.0%)
2026-06-22 03:37:45 - trading.strategy - INFO -    Reference: $64194.00 → Current: $61562.88
2026-06-22 03:37:45 - __main__ - INFO - [32m🔔 BUY SIGNAL DETECTED - Level 2 @ $61562.8800[0m
2026-06-22 03:37:45 - binance_client.rest_client - INFO - USDT balance: 8185.2929316
2026-06-22 03:37:45 - __main__ - INFO - 💰 Attempting BUY: 0.00324000 BTCUSDT @ $61562.8800
2026-06-22 03:37:45 - binance_client.rest_client - INFO - USDT balance: 8185.2929316
2026-06-22 03:37:45 - trading.strategy - INFO - 💰 Executing BUY Level 2:
2026-06-22 03:37:45 - trading.strategy - INFO -    Amount: $199.46
2026-06-22 03:37:45 - trading.strategy - INFO -    Price: $61562.88
2026-06-22 03:37:45 - trading.strategy - INFO -    Quantity: 0.00324000
2026-06-22 03:37:45 - trading.strategy - INFO -    Order Value: $199.46
2026-06-22 03:37:45 - binance_client.rest_client - INFO - Market order executed: BUY 0.00324 BTCUSDT
2026-06-22 03:37:45 - trading.strategy - INFO - ✅ BUY EXECUTED: Level 2 - 0.00324000 BTCUSDT @ $61562.88
2026-06-22 03:37:45 - trading.strategy - INFO -    Position: 0.00444000 tokens @ $61903.24 avg
2026-06-22 03:37:46 - binance_client.rest_client - INFO - USDT balance: 7981.4608346
2026-06-22 03:37:55 - trading.strategy - INFO - 📉 DUMP SIGNAL: Level 3 - Drop: 6.11% (Threshold: 6.0%)
2026-06-22 03:37:55 - trading.strategy - INFO -    Reference: $64194.00 → Current: $60272.40
2026-06-22 03:37:55 - __main__ - INFO - [32m🔔 BUY SIGNAL DETECTED - Level 3 @ $60272.4000[0m
2026-06-22 03:37:55 - binance_client.rest_client - INFO - USDT balance: 7981.4608346
2026-06-22 03:37:55 - __main__ - INFO - 💰 Attempting BUY: 0.00663000 BTCUSDT @ $60272.4000
2026-06-22 03:37:55 - binance_client.rest_client - INFO - USDT balance: 7981.4608346
2026-06-22 03:37:55 - trading.strategy - INFO - 💰 Executing BUY Level 3:
2026-06-22 03:37:55 - trading.strategy - INFO -    Amount: $399.61
2026-06-22 03:37:55 - trading.strategy - INFO -    Price: $60272.40
2026-06-22 03:37:55 - trading.strategy - INFO -    Quantity: 0.00663000
2026-06-22 03:37:55 - trading.strategy - INFO -    Order Value: $399.61
2026-06-22 03:37:55 - binance_client.rest_client - INFO - Market order executed: BUY 0.00663 BTCUSDT
2026-06-22 03:37:55 - trading.strategy - INFO - ✅ BUY EXECUTED: Level 3 - 0.00663000 BTCUSDT @ $60272.40
2026-06-22 03:37:55 - trading.strategy - INFO -    Position: 0.01107000 tokens @ $60926.50 avg
2026-06-22 03:37:55 - binance_client.rest_client - INFO - USDT balance: 7575.4554076
2026-06-22 03:37:59 - trading.strategy - INFO - 📈 SPIKE SIGNAL: Level 2 - Spike: 4.27% (Threshold: 4.0%)
2026-06-22 03:37:59 - trading.strategy - INFO -    Avg Cost: $60926.50 → Current: $63529.71
2026-06-22 03:37:59 - __main__ - INFO - [33m🔔 SELL SIGNAL DETECTED - Level 2 @ $63529.7100[0m
2026-06-22 03:37:59 - __main__ - INFO - 💰 Attempting SELL: 0.00276000 BTCUSDT @ $63529.7100
2026-06-22 03:37:59 - trading.strategy - INFO - 💰 Executing SELL Level 2:
2026-06-22 03:37:59 - trading.strategy - INFO -    Percentage: 25.0% of position
2026-06-22 03:37:59 - trading.strategy - INFO -    Quantity: 0.00276000
2026-06-22 03:37:59 - trading.strategy - INFO -    Price: $63529.71
2026-06-22 03:37:59 - trading.strategy - INFO -    Expected Profit: $7.18
2026-06-22 03:37:59 - binance_client.rest_client - INFO - Market order executed: SELL 0.00276 BTCUSDT
2026-06-22 03:37:59 - trading.risk_manager - INFO - New day detected. Resetting daily counters.
2026-06-22 03:37:59 - trading.strategy - INFO - ✅ SELL EXECUTED: Level 2 - 0.00276000 BTCUSDT @ $63529.71
2026-06-22 03:37:59 - trading.strategy - INFO -    Profit on this sale: $7.18
2026-06-22 03:37:59 - binance_client.rest_client - INFO - USDT balance: 7750.7974072
2026-06-22 03:38:05 - trading.strategy - INFO - 📉 DUMP SIGNAL: Level 4 - Drop: 9.06% (Threshold: 8.0%)
2026-06-22 03:38:05 - trading.strategy - INFO -    Reference: $64194.00 → Current: $58377.20
2026-06-22 03:38:05 - __main__ - INFO - [32m🔔 BUY SIGNAL DETECTED - Level 4 @ $58377.2000[0m
2026-06-22 03:38:05 - binance_client.rest_client - INFO - USDT balance: 7750.7974072
2026-06-22 03:38:05 - __main__ - INFO - 💰 Attempting BUY: 0.01027000 BTCUSDT @ $58377.2000
2026-06-22 03:38:05 - binance_client.rest_client - INFO - USDT balance: 7750.7974072
2026-06-22 03:38:05 - trading.strategy - INFO - 💰 Executing BUY Level 4:
2026-06-22 03:38:05 - trading.strategy - INFO -    Amount: $599.53
2026-06-22 03:38:05 - trading.strategy - INFO -    Price: $58377.20
2026-06-22 03:38:05 - trading.strategy - INFO -    Quantity: 0.01027000
2026-06-22 03:38:05 - trading.strategy - INFO -    Order Value: $599.53
2026-06-22 03:38:05 - binance_client.rest_client - INFO - Market order executed: BUY 0.01027 BTCUSDT
2026-06-22 03:38:05 - trading.strategy - INFO - ✅ BUY EXECUTED: Level 4 - 0.01027000 BTCUSDT @ $58377.20
2026-06-22 03:38:05 - trading.strategy - INFO -    Position: 0.01858000 tokens @ $59517.39 avg
2026-06-22 03:38:05 - binance_client.rest_client - INFO - USDT balance: 7120.8568072
2026-06-22 03:38:09 - trading.strategy - INFO - 📈 SPIKE SIGNAL: Level 3 - Spike: 6.69% (Threshold: 6.0%)
2026-06-22 03:38:09 - trading.strategy - INFO -    Avg Cost: $59517.39 → Current: $63500.00
2026-06-22 03:38:09 - __main__ - INFO - [33m🔔 SELL SIGNAL DETECTED - Level 3 @ $63500.0000[0m
2026-06-22 03:38:09 - __main__ - INFO - 💰 Attempting SELL: 0.00464000 BTCUSDT @ $63500.0000
2026-06-22 03:38:09 - trading.strategy - INFO - 💰 Executing SELL Level 3:
2026-06-22 03:38:09 - trading.strategy - INFO -    Percentage: 25.0% of position
2026-06-22 03:38:09 - trading.strategy - INFO -    Quantity: 0.00464000
2026-06-22 03:38:09 - trading.strategy - INFO -    Price: $63500.00
2026-06-22 03:38:09 - trading.strategy - INFO -    Expected Profit: $18.48
2026-06-22 03:38:09 - binance_client.rest_client - INFO - Market order executed: SELL 0.00464 BTCUSDT
2026-06-22 03:38:09 - trading.strategy - INFO - ✅ SELL EXECUTED: Level 3 - 0.00464000 BTCUSDT @ $63500.00
2026-06-22 03:38:09 - trading.strategy - INFO -    Profit on this sale: $18.48
2026-06-22 03:38:09 - binance_client.rest_client - INFO - USDT balance: 7410.8568072
2026-06-22 19:50:31 - root - INFO - Logging to file: trading_bot.log
2026-06-22 19:50:31 - __main__ - INFO - ============================================================
2026-06-22 19:50:31 - __main__ - INFO - 🚀 Starting Binance Trading Bot - 2026-06-22 19:50:31
2026-06-22 19:50:31 - __main__ - INFO - 📊 Symbol: BTCUSDT
2026-06-22 19:50:31 - __main__ - INFO - 💰 Total Capital: $1000.0
2026-06-22 19:50:31 - __main__ - INFO - 🎯 Base Position: $100.0
2026-06-22 19:50:31 - __main__ - INFO - 🧪 Testnet Mode: True
2026-06-22 19:50:31 - __main__ - INFO - ============================================================
2026-06-22 19:50:32 - binance_client.rest_client - INFO - Binance client initialized. Testnet mode: True
2026-06-22 19:50:32 - binance_client.rest_client - INFO - API connection successful
2026-06-22 19:50:33 - binance_client.rest_client - INFO - Account verified successfully
2026-06-22 19:50:33 - __main__ - INFO - Step size: 1e-05, Min quantity: 1e-05
2026-06-22 19:50:33 - __main__ - INFO - Tick size: 0.01
2026-06-22 19:50:33 - __main__ - INFO - ✅ Connected to Binance. Current price: $65136.1400
2026-06-22 19:50:33 - binance_client.rest_client - INFO - USDT balance: 7410.8568072
2026-06-22 19:50:33 - __main__ - INFO - 💰 Account USDT Balance: $7410.8568
2026-06-22 19:50:33 - trading.strategy - INFO - 🎯 Reference price set to $65130.18
2026-06-22 19:50:34 - binance_client.rest_client - INFO - Binance client initialized. Testnet mode: True
2026-06-22 19:50:34 - binance_client.rest_client - INFO - API connection successful
2026-06-22 19:50:34 - binance_client.rest_client - INFO - Account verified successfully
2026-06-22 19:50:34 - binance_client.price_poller - INFO - Price poller initialized for BTCUSDT (interval: 1.0s)
2026-06-22 19:50:34 - __main__ - INFO - ✅ Bot initialized successfully
2026-06-22 19:50:34 - __main__ - INFO - 📡 Using REST API polling for price data (interval: 1s)
2026-06-22 19:50:34 - __main__ - INFO - 🔧 Precision: Step=1e-05, Tick=0.01, MinQty=1e-05, MinNotional=$10.0
2026-06-22 19:50:34 - __main__ - INFO - ✅ PID saved to bot.pid: 10436
2026-06-22 19:50:34 - __main__ - INFO - Bot started. Waiting for price updates...
2026-06-22 19:50:34 - binance_client.price_poller - INFO - ✅ Price poller started for BTCUSDT
2026-06-22 20:48:23 - root - INFO - Logging to file: trading_bot.log
2026-06-22 20:48:23 - __main__ - INFO - ============================================================
2026-06-22 20:48:23 - __main__ - INFO - 🚀 Starting Binance Trading Bot - 2026-06-22 20:48:23
2026-06-22 20:48:23 - __main__ - INFO - 📊 Symbol: BTCUSDT
2026-06-22 20:48:23 - __main__ - INFO - 💰 Total Capital: $1000.0
2026-06-22 20:48:23 - __main__ - INFO - 🎯 Base Position: $100.0
2026-06-22 20:48:23 - __main__ - INFO - 🧪 Testnet Mode: True
2026-06-22 20:48:23 - __main__ - INFO - ============================================================
2026-06-22 20:48:24 - binance_client.rest_client - INFO - Binance client initialized. Testnet mode: True
2026-06-22 20:48:24 - binance_client.rest_client - INFO - API connection successful
2026-06-22 20:48:24 - binance_client.rest_client - INFO - Account verified successfully
2026-06-22 20:48:24 - __main__ - INFO - Step size: 1e-05, Min quantity: 1e-05
2026-06-22 20:48:24 - __main__ - INFO - Tick size: 0.01
2026-06-22 20:48:25 - __main__ - INFO - ✅ Connected to Binance. Current price: $65026.8800
2026-06-22 20:48:25 - binance_client.rest_client - INFO - USDT balance: 7410.8568072
2026-06-22 20:48:25 - __main__ - INFO - 💰 Account USDT Balance: $7410.8568
2026-06-22 20:48:25 - trading.strategy - INFO - 🎯 Reference price set to $65026.88
2026-06-22 20:48:25 - binance_client.rest_client - INFO - Binance client initialized. Testnet mode: True
2026-06-22 20:48:26 - binance_client.rest_client - INFO - API connection successful
2026-06-22 20:48:26 - binance_client.rest_client - INFO - Account verified successfully
2026-06-22 20:48:26 - binance_client.price_poller - INFO - Price poller initialized for BTCUSDT (interval: 1.0s)
2026-06-22 20:48:26 - __main__ - INFO - ✅ Bot initialized successfully
2026-06-22 20:48:26 - __main__ - INFO - 📡 Using REST API polling for price data (interval: 1s)
2026-06-22 20:48:26 - __main__ - INFO - 🔧 Precision: Step=1e-05, Tick=0.01, MinQty=1e-05, MinNotional=$10.0
2026-06-22 20:48:26 - __main__ - INFO - ✅ PID saved to bot.pid: 8840
2026-06-22 20:48:26 - __main__ - INFO - Bot started. Waiting for price updates...
2026-06-22 20:48:26 - binance_client.price_poller - INFO - ✅ Price poller started for BTCUSDT
2026-06-22 22:25:25 - root - INFO - Logging to file: trading_bot.log
2026-06-22 22:25:25 - __main__ - INFO - ============================================================
2026-06-22 22:25:25 - __main__ - INFO - 🚀 Starting Binance Trading Bot - 2026-06-22 22:25:25
2026-06-22 22:25:25 - __main__ - INFO - 📊 Symbol: BTCUSDT
2026-06-22 22:25:25 - __main__ - INFO - 💰 Total Capital: $1000.0
2026-06-22 22:25:25 - __main__ - INFO - 🎯 Base Position: $100.0
2026-06-22 22:25:25 - __main__ - INFO - 🧪 Testnet Mode: True
2026-06-22 22:25:25 - __main__ - INFO - ============================================================
2026-06-22 22:25:26 - binance_client.rest_client - INFO - Binance client initialized. Testnet mode: True
2026-06-22 22:25:26 - binance_client.rest_client - INFO - API connection successful
2026-06-22 22:25:27 - binance_client.rest_client - INFO - Account verified successfully
2026-06-22 22:25:27 - __main__ - INFO - Step size: 1e-05, Min quantity: 1e-05
2026-06-22 22:25:27 - __main__ - INFO - Tick size: 0.01
2026-06-22 22:25:27 - __main__ - INFO - ✅ Connected to Binance. Current price: $64773.7400
2026-06-22 22:25:27 - binance_client.rest_client - INFO - USDT balance: 7410.8568072
2026-06-22 22:25:27 - __main__ - INFO - 💰 Account USDT Balance: $7410.8568
2026-06-22 22:25:27 - trading.strategy - INFO - 🎯 Reference price set to $64773.74
2026-06-22 22:25:28 - binance_client.rest_client - INFO - Binance client initialized. Testnet mode: True
2026-06-22 22:25:28 - binance_client.rest_client - INFO - API connection successful
2026-06-22 22:25:29 - binance_client.rest_client - INFO - Account verified successfully
2026-06-22 22:25:29 - binance_client.price_poller - INFO - Price poller initialized for BTCUSDT (interval: 1.0s)
2026-06-22 22:25:29 - __main__ - INFO - ✅ Bot initialized successfully
2026-06-22 22:25:29 - __main__ - INFO - 📡 Using REST API polling for price data (interval: 1s)
2026-06-22 22:25:29 - __main__ - INFO - 🔧 Precision: Step=1e-05, Tick=0.01, MinQty=1e-05, MinNotional=$10.0
2026-06-22 22:25:29 - __main__ - INFO - ✅ PID saved to bot.pid: 12544
2026-06-22 22:25:29 - __main__ - INFO - Bot started. Waiting for price updates...
2026-06-22 22:25:29 - binance_client.price_poller - INFO - ✅ Price poller started for BTCUSDT
2026-06-23 00:01:27 - trading.risk_manager - INFO - New day detected. Resetting daily counters.
2026-06-23 00:25:32 - root - INFO - Logging to file: trading_bot.log
2026-06-23 00:25:32 - __main__ - INFO - ============================================================
2026-06-23 00:25:32 - __main__ - INFO - 🚀 Starting Binance Trading Bot - 2026-06-23 00:25:32
2026-06-23 00:25:32 - __main__ - INFO - 📊 Symbol: BTCUSDT
2026-06-23 00:25:32 - __main__ - INFO - 💰 Total Capital: $1000.0
2026-06-23 00:25:32 - __main__ - INFO - 🎯 Base Position: $100.0
2026-06-23 00:25:32 - __main__ - INFO - 🧪 Testnet Mode: True
2026-06-23 00:25:32 - __main__ - INFO - ============================================================
2026-06-23 00:25:33 - binance_client.rest_client - INFO - Binance client initialized. Testnet mode: True
2026-06-23 00:25:33 - binance_client.rest_client - INFO - API connection successful
2026-06-23 00:25:33 - binance_client.rest_client - ERROR - API Error: APIError(code=-2014): API-key format invalid.
2026-06-23 00:25:33 - binance_client.rest_client - ERROR - Error code: -2014
2026-06-23 00:25:33 - binance_client.rest_client - ERROR - Error message: API-key format invalid.
2026-06-23 00:25:33 - binance_client.rest_client - ERROR - Failed to initialize Binance client: APIError(code=-2014): API-key format invalid.
2026-06-23 00:25:33 - __main__ - ERROR - ❌ Initialization failed: APIError(code=-2014): API-key format invalid.
2026-06-23 00:25:33 - __main__ - ERROR - Failed to initialize bot. Exiting.
2026-06-23 00:40:41 - root - INFO - Logging to file: trading_bot.log
2026-06-23 00:40:41 - __main__ - INFO - ============================================================
2026-06-23 00:40:41 - __main__ - INFO - 🚀 Starting Binance Trading Bot - 2026-06-23 00:40:41
2026-06-23 00:40:41 - __main__ - INFO - 📊 Symbol: BTCUSDT
2026-06-23 00:40:41 - __main__ - INFO - 💰 Total Capital: $1000.0
2026-06-23 00:40:41 - __main__ - INFO - 🎯 Base Position: $100.0
2026-06-23 00:40:41 - __main__ - INFO - 🧪 Testnet Mode: True
2026-06-23 00:40:41 - __main__ - INFO - ============================================================
2026-06-23 00:40:42 - binance_client.rest_client - INFO - Binance client initialized. Testnet mode: True
2026-06-23 00:40:42 - binance_client.rest_client - INFO - API connection successful
2026-06-23 00:40:42 - binance_client.rest_client - ERROR - API Error: APIError(code=-2014): API-key format invalid.
2026-06-23 00:40:42 - binance_client.rest_client - ERROR - Error code: -2014
2026-06-23 00:40:42 - binance_client.rest_client - ERROR - Error message: API-key format invalid.
2026-06-23 00:40:42 - binance_client.rest_client - ERROR - Failed to initialize Binance client: APIError(code=-2014): API-key format invalid.
2026-06-23 00:40:42 - __main__ - ERROR - ❌ Initialization failed: APIError(code=-2014): API-key format invalid.
2026-06-23 00:40:43 - __main__ - ERROR - Failed to initialize bot. Exiting.
2026-06-23 00:41:27 - root - INFO - Logging to file: trading_bot.log
2026-06-23 00:41:27 - __main__ - INFO - ============================================================
2026-06-23 00:41:27 - __main__ - INFO - 🚀 Starting Binance Trading Bot - 2026-06-23 00:41:27
2026-06-23 00:41:27 - __main__ - INFO - 📊 Symbol: BTCUSDT
2026-06-23 00:41:27 - __main__ - INFO - 💰 Total Capital: $1000.0
2026-06-23 00:41:27 - __main__ - INFO - 🎯 Base Position: $100.0
2026-06-23 00:41:27 - __main__ - INFO - 🧪 Testnet Mode: True
2026-06-23 00:41:27 - __main__ - INFO - ============================================================
2026-06-23 00:41:28 - binance_client.rest_client - INFO - Binance client initialized. Testnet mode: True
2026-06-23 00:41:28 - binance_client.rest_client - INFO - API connection successful
2026-06-23 00:41:28 - binance_client.rest_client - ERROR - API Error: APIError(code=-2014): API-key format invalid.
2026-06-23 00:41:28 - binance_client.rest_client - ERROR - Error code: -2014
2026-06-23 00:41:28 - binance_client.rest_client - ERROR - Error message: API-key format invalid.
2026-06-23 00:41:28 - binance_client.rest_client - ERROR - Failed to initialize Binance client: APIError(code=-2014): API-key format invalid.
2026-06-23 00:41:28 - __main__ - ERROR - ❌ Initialization failed: APIError(code=-2014): API-key format invalid.
2026-06-23 00:41:28 - __main__ - ERROR - Failed to initialize bot. Exiting.
2026-06-23 00:43:41 - root - INFO - Logging to file: trading_bot.log
2026-06-23 00:43:41 - __main__ - INFO - ============================================================
2026-06-23 00:43:41 - __main__ - INFO - 🚀 Starting Binance Trading Bot - 2026-06-23 00:43:41
2026-06-23 00:43:41 - __main__ - INFO - 📊 Symbol: BTCUSDT
2026-06-23 00:43:41 - __main__ - INFO - 💰 Total Capital: $1000.0
2026-06-23 00:43:41 - __main__ - INFO - 🎯 Base Position: $100.0
2026-06-23 00:43:41 - __main__ - INFO - 🧪 Testnet Mode: True
2026-06-23 00:43:41 - __main__ - INFO - ============================================================
2026-06-23 00:43:42 - binance_client.rest_client - INFO - Binance client initialized. Testnet mode: True
2026-06-23 00:43:42 - binance_client.rest_client - INFO - API connection successful
2026-06-23 00:43:42 - binance_client.rest_client - INFO - Account verified successfully
2026-06-23 00:43:43 - __main__ - INFO - Step size: 1e-05, Min quantity: 1e-05
2026-06-23 00:43:43 - __main__ - INFO - Tick size: 0.01
2026-06-23 00:43:43 - __main__ - INFO - ✅ Connected to Binance. Current price: $64403.9300
2026-06-23 00:43:43 - binance_client.rest_client - INFO - USDT balance: 7410.8568072
2026-06-23 00:43:43 - __main__ - INFO - 💰 Account USDT Balance: $7410.8568
2026-06-23 00:43:43 - trading.strategy - INFO - 🎯 Reference price set to $64403.93
2026-06-23 00:43:44 - binance_client.rest_client - INFO - Binance client initialized. Testnet mode: True
2026-06-23 00:43:44 - binance_client.rest_client - INFO - API connection successful
2026-06-23 00:43:44 - binance_client.rest_client - INFO - Account verified successfully
2026-06-23 00:43:44 - binance_client.price_poller - INFO - Price poller initialized for BTCUSDT (interval: 1.0s)
2026-06-23 00:43:44 - __main__ - INFO - ✅ Bot initialized successfully
2026-06-23 00:43:44 - __main__ - INFO - 📡 Using REST API polling for price data (interval: 1s)
2026-06-23 00:43:44 - __main__ - INFO - 🔧 Precision: Step=1e-05, Tick=0.01, MinQty=1e-05, MinNotional=$10.0
2026-06-23 00:43:44 - __main__ - INFO - ✅ PID saved to bot.pid: 16100
2026-06-23 00:43:44 - __main__ - INFO - Bot started. Waiting for price updates...
2026-06-23 00:43:44 - binance_client.price_poller - INFO - ✅ Price poller started for BTCUSDT
2026-06-23 01:02:35 - root - INFO - Logging to file: trading_bot.log
2026-06-23 01:02:35 - __main__ - INFO - ============================================================
2026-06-23 01:02:35 - __main__ - INFO - 🚀 Starting Binance Trading Bot - 2026-06-23 01:02:35
2026-06-23 01:02:35 - __main__ - INFO - 📊 Symbol: BTCUSDT
2026-06-23 01:02:35 - __main__ - INFO - 💰 Total Capital: $1000.0
2026-06-23 01:02:35 - __main__ - INFO - 🎯 Base Position: $100.0
2026-06-23 01:02:35 - __main__ - INFO - 🧪 Testnet Mode: True
2026-06-23 01:02:35 - __main__ - INFO - ============================================================
2026-06-23 01:02:35 - binance_client.rest_client - INFO - Binance client initialized. Testnet mode: True
2026-06-23 01:02:36 - binance_client.rest_client - INFO - API connection successful
2026-06-23 01:02:36 - binance_client.rest_client - ERROR - API Error: APIError(code=-2014): API-key format invalid.
2026-06-23 01:02:36 - binance_client.rest_client - ERROR - Error code: -2014
2026-06-23 01:02:36 - binance_client.rest_client - ERROR - Error message: API-key format invalid.
2026-06-23 01:02:36 - binance_client.rest_client - ERROR - Failed to initialize Binance client: APIError(code=-2014): API-key format invalid.
2026-06-23 01:02:36 - __main__ - ERROR - ❌ Initialization failed: APIError(code=-2014): API-key format invalid.
2026-06-23 01:02:36 - __main__ - ERROR - Failed to initialize bot. Exiting.
2026-06-23 01:11:25 - root - INFO - Logging to file: trading_bot.log
2026-06-23 01:11:25 - __main__ - INFO - ============================================================
2026-06-23 01:11:25 - __main__ - INFO - 🚀 Starting Binance Trading Bot - 2026-06-23 01:11:25
2026-06-23 01:11:25 - __main__ - INFO - 📊 Symbol: BTCUSDT
2026-06-23 01:11:25 - __main__ - INFO - 💰 Total Capital: $1000.0
2026-06-23 01:11:25 - __main__ - INFO - 🎯 Base Position: $100.0
2026-06-23 01:11:25 - __main__ - INFO - 🧪 Testnet Mode: True
2026-06-23 01:11:25 - __main__ - INFO - ============================================================
2026-06-23 01:11:25 - binance_client.rest_client - INFO - Binance client initialized. Testnet mode: True
2026-06-23 01:11:26 - binance_client.rest_client - INFO - API connection successful
2026-06-23 01:11:26 - binance_client.rest_client - ERROR - API Error: APIError(code=-2014): API-key format invalid.
2026-06-23 01:11:26 - binance_client.rest_client - ERROR - Error code: -2014
2026-06-23 01:11:26 - binance_client.rest_client - ERROR - Error message: API-key format invalid.
2026-06-23 01:11:26 - binance_client.rest_client - ERROR - Failed to initialize Binance client: APIError(code=-2014): API-key format invalid.
2026-06-23 01:11:26 - __main__ - ERROR - ❌ Initialization failed: APIError(code=-2014): API-key format invalid.
2026-06-23 01:11:26 - __main__ - ERROR - Failed to initialize bot. Exiting.
2026-06-23 01:17:59,288 - __main__ - INFO - Loading user-specific config from: temp_configs\config_abbyyy.py
2026-06-23 01:17:59,300 - __main__ - INFO - Using config for user: abbyyy
2026-06-23 01:17:59,300 - __main__ - INFO - Using TESTNET mode
2026-06-23 01:18:21,590 - __main__ - INFO - Loading user-specific config from: temp_configs\config_abbyyy.py
2026-06-23 01:18:21,594 - __main__ - INFO - Using config for user: abbyyy
2026-06-23 01:18:21,594 - __main__ - INFO - Using TESTNET mode
2026-06-23 01:19:00,718 - __main__ - INFO - Loading user-specific config from: temp_configs\config_abbyyy.py
2026-06-23 01:19:00,723 - __main__ - INFO - Using config for user: abbyyy
2026-06-23 01:19:00,723 - __main__ - INFO - Using TESTNET mode
2026-06-23 01:21:11 - root - INFO - Logging to file: trading_bot.log
2026-06-23 01:21:11 - __main__ - INFO - ============================================================
2026-06-23 01:21:11 - __main__ - INFO - 🚀 Starting Binance Trading Bot - 2026-06-23 01:21:11
2026-06-23 01:21:11 - __main__ - INFO - 📊 Symbol: BTCUSDT
2026-06-23 01:21:11 - __main__ - INFO - 💰 Total Capital: $1000.0
2026-06-23 01:21:11 - __main__ - INFO - 🎯 Base Position: $100.0
2026-06-23 01:21:11 - __main__ - INFO - 🧪 Testnet Mode: True
2026-06-23 01:21:11 - __main__ - INFO - ============================================================
2026-06-23 01:21:12 - binance_client.rest_client - INFO - Binance client initialized. Testnet mode: True
2026-06-23 01:21:12 - binance_client.rest_client - INFO - API connection successful
2026-06-23 01:21:12 - binance_client.rest_client - ERROR - API Error: APIError(code=-2014): API-key format invalid.
2026-06-23 01:21:12 - binance_client.rest_client - ERROR - Error code: -2014
2026-06-23 01:21:12 - binance_client.rest_client - ERROR - Error message: API-key format invalid.
2026-06-23 01:21:12 - binance_client.rest_client - ERROR - Failed to initialize Binance client: APIError(code=-2014): API-key format invalid.
2026-06-23 01:21:12 - __main__ - ERROR - ❌ Initialization failed: APIError(code=-2014): API-key format invalid.
2026-06-23 01:21:12 - __main__ - ERROR - Failed to initialize bot. Exiting.
2026-06-23 01:21:54 - root - INFO - Logging to file: trading_bot.log
2026-06-23 01:21:54 - __main__ - INFO - ============================================================
2026-06-23 01:21:54 - __main__ - INFO - 🚀 Starting Binance Trading Bot - 2026-06-23 01:21:54
2026-06-23 01:21:54 - __main__ - INFO - 📊 Symbol: BTCUSDT
2026-06-23 01:21:54 - __main__ - INFO - 💰 Total Capital: $1000.0
2026-06-23 01:21:54 - __main__ - INFO - 🎯 Base Position: $100.0
2026-06-23 01:21:54 - __main__ - INFO - 🧪 Testnet Mode: True
2026-06-23 01:21:54 - __main__ - INFO - ============================================================
2026-06-23 01:21:55 - binance_client.rest_client - INFO - Binance client initialized. Testnet mode: True
2026-06-23 01:21:55 - binance_client.rest_client - INFO - API connection successful
2026-06-23 01:21:55 - binance_client.rest_client - INFO - Account verified successfully
2026-06-23 01:21:56 - __main__ - INFO - Step size: 1e-05, Min quantity: 1e-05
2026-06-23 01:21:56 - __main__ - INFO - Tick size: 0.01
2026-06-23 01:21:56 - __main__ - INFO - ✅ Connected to Binance. Current price: $64407.9900
2026-06-23 01:21:56 - binance_client.rest_client - INFO - USDT balance: 7410.8568072
2026-06-23 01:21:56 - __main__ - INFO - 💰 Account USDT Balance: $7410.8568
2026-06-23 01:21:56 - trading.strategy - INFO - 🎯 Reference price set to $64407.99
2026-06-23 01:21:57 - binance_client.rest_client - INFO - Binance client initialized. Testnet mode: True
2026-06-23 01:21:57 - binance_client.rest_client - INFO - API connection successful
2026-06-23 01:21:58 - binance_client.rest_client - INFO - Account verified successfully
2026-06-23 01:21:58 - binance_client.price_poller - INFO - Price poller initialized for BTCUSDT (interval: 1.0s)
2026-06-23 01:21:58 - __main__ - INFO - ✅ Bot initialized successfully
2026-06-23 01:21:58 - __main__ - INFO - 📡 Using REST API polling for price data (interval: 1s)
2026-06-23 01:21:58 - __main__ - INFO - 🔧 Precision: Step=1e-05, Tick=0.01, MinQty=1e-05, MinNotional=$10.0
2026-06-23 01:21:58 - __main__ - INFO - ✅ PID saved to bot.pid: 9264
2026-06-23 01:21:58 - __main__ - INFO - Bot started. Waiting for price updates...
2026-06-23 01:21:58 - binance_client.price_poller - INFO - ✅ Price poller started for BTCUSDT
2026-06-23 01:23:59 - root - INFO - Logging to file: trading_bot.log
2026-06-23 01:23:59 - __main__ - INFO - ============================================================
2026-06-23 01:23:59 - __main__ - INFO - 🚀 Starting Binance Trading Bot - 2026-06-23 01:23:59
2026-06-23 01:23:59 - __main__ - INFO - 📊 Symbol: BTCUSDT
2026-06-23 01:23:59 - __main__ - INFO - 💰 Total Capital: $1000.0
2026-06-23 01:23:59 - __main__ - INFO - 🎯 Base Position: $100.0
2026-06-23 01:23:59 - __main__ - INFO - 🧪 Testnet Mode: True
2026-06-23 01:23:59 - __main__ - INFO - ============================================================
2026-06-23 01:23:59 - binance_client.rest_client - INFO - Binance client initialized. Testnet mode: True
2026-06-23 01:24:00 - binance_client.rest_client - INFO - API connection successful
2026-06-23 01:24:00 - binance_client.rest_client - ERROR - API Error: APIError(code=-2014): API-key format invalid.
2026-06-23 01:24:00 - binance_client.rest_client - ERROR - Error code: -2014
2026-06-23 01:24:00 - binance_client.rest_client - ERROR - Error message: API-key format invalid.
2026-06-23 01:24:00 - binance_client.rest_client - ERROR - Failed to initialize Binance client: APIError(code=-2014): API-key format invalid.
2026-06-23 01:24:00 - __main__ - ERROR - ❌ Initialization failed: APIError(code=-2014): API-key format invalid.
2026-06-23 01:24:00 - __main__ - ERROR - Failed to initialize bot. Exiting.
2026-06-23 01:25:48 - root - INFO - Logging to file: trading_bot.log
2026-06-23 01:25:48 - __main__ - INFO - ============================================================
2026-06-23 01:25:48 - __main__ - INFO - 🚀 Starting Binance Trading Bot - 2026-06-23 01:25:48
2026-06-23 01:25:48 - __main__ - INFO - 📊 Symbol: BTCUSDT
2026-06-23 01:25:48 - __main__ - INFO - 💰 Total Capital: $1000.0
2026-06-23 01:25:48 - __main__ - INFO - 🎯 Base Position: $100.0
2026-06-23 01:25:48 - __main__ - INFO - 🧪 Testnet Mode: True
2026-06-23 01:25:48 - __main__ - INFO - ============================================================
2026-06-23 01:25:49 - binance_client.rest_client - INFO - Binance client initialized. Testnet mode: True
2026-06-23 01:25:49 - binance_client.rest_client - INFO - API connection successful
2026-06-23 01:25:49 - binance_client.rest_client - INFO - Account verified successfully
2026-06-23 01:25:50 - __main__ - INFO - Step size: 1e-05, Min quantity: 1e-05
2026-06-23 01:25:50 - __main__ - INFO - Tick size: 0.01
2026-06-23 01:25:50 - __main__ - INFO - ✅ Connected to Binance. Current price: $64480.3500
2026-06-23 01:25:50 - binance_client.rest_client - INFO - USDT balance: 7410.8568072
2026-06-23 01:25:50 - __main__ - INFO - 💰 Account USDT Balance: $7410.8568
2026-06-23 01:25:50 - trading.strategy - INFO - 🎯 Reference price set to $64480.35
2026-06-23 01:25:51 - binance_client.rest_client - INFO - Binance client initialized. Testnet mode: True
2026-06-23 01:25:51 - binance_client.rest_client - INFO - API connection successful
2026-06-23 01:25:51 - binance_client.rest_client - INFO - Account verified successfully
2026-06-23 01:25:51 - binance_client.price_poller - INFO - Price poller initialized for BTCUSDT (interval: 1.0s)
2026-06-23 01:25:51 - __main__ - INFO - ✅ Bot initialized successfully
2026-06-23 01:25:51 - __main__ - INFO - 📡 Using REST API polling for price data (interval: 1s)
2026-06-23 01:25:51 - __main__ - INFO - 🔧 Precision: Step=1e-05, Tick=0.01, MinQty=1e-05, MinNotional=$10.0
2026-06-23 01:25:51 - __main__ - INFO - ✅ PID saved to bot.pid: 14536
2026-06-23 01:25:51 - __main__ - INFO - Bot started. Waiting for price updates...
2026-06-23 01:25:51 - binance_client.price_poller - INFO - ✅ Price poller started for BTCUSDT
2026-06-23 01:48:42 - root - INFO - Logging to file: trading_bot.log
2026-06-23 01:48:42 - __main__ - INFO - ============================================================
2026-06-23 01:48:42 - __main__ - INFO - 🚀 Starting Binance Trading Bot - 2026-06-23 01:48:42
2026-06-23 01:48:42 - __main__ - INFO - 📊 Symbol: BTCUSDT
2026-06-23 01:48:42 - __main__ - INFO - 💰 Total Capital: $1000.0
2026-06-23 01:48:42 - __main__ - INFO - 🎯 Base Position: $100.0
2026-06-23 01:48:42 - __main__ - INFO - 🧪 Testnet Mode: True
2026-06-23 01:48:42 - __main__ - INFO - ============================================================
2026-06-23 01:48:42 - binance_client.rest_client - INFO - Binance client initialized. Testnet mode: True
2026-06-23 01:48:43 - binance_client.rest_client - INFO - API connection successful
2026-06-23 01:48:43 - binance_client.rest_client - INFO - Account verified successfully
2026-06-23 01:48:44 - __main__ - INFO - Step size: 1e-05, Min quantity: 1e-05
2026-06-23 01:48:44 - __main__ - INFO - Tick size: 0.01
2026-06-23 01:48:44 - __main__ - INFO - ✅ Connected to Binance. Current price: $64501.9900
2026-06-23 01:48:44 - binance_client.rest_client - INFO - USDT balance: 7410.8568072
2026-06-23 01:48:44 - __main__ - INFO - 💰 Account USDT Balance: $7410.8568
2026-06-23 01:48:44 - trading.strategy - INFO - 🎯 Reference price set to $64501.99
2026-06-23 01:48:45 - binance_client.rest_client - INFO - Binance client initialized. Testnet mode: True
2026-06-23 01:48:45 - binance_client.rest_client - INFO - API connection successful
2026-06-23 01:48:46 - binance_client.rest_client - INFO - Account verified successfully
2026-06-23 01:48:46 - binance_client.price_poller - INFO - Price poller initialized for BTCUSDT (interval: 1.0s)
2026-06-23 01:48:46 - __main__ - INFO - ✅ Bot initialized successfully
2026-06-23 01:48:46 - __main__ - INFO - 📡 Using REST API polling for price data (interval: 1s)
2026-06-23 01:48:46 - __main__ - INFO - 🔧 Precision: Step=1e-05, Tick=0.01, MinQty=1e-05, MinNotional=$10.0
2026-06-23 01:48:46 - __main__ - INFO - ✅ PID saved to bot.pid: 8172
2026-06-23 01:48:46 - __main__ - INFO - Bot started. Waiting for price updates...
2026-06-23 01:48:46 - binance_client.price_poller - INFO - ✅ Price poller started for BTCUSDT
2026-06-23 01:56:57 - root - INFO - Logging to file: trading_bot.log
2026-06-23 01:56:57 - __main__ - INFO - ============================================================
2026-06-23 01:56:57 - __main__ - INFO - 🚀 Starting Binance Trading Bot - 2026-06-23 01:56:57
2026-06-23 01:56:57 - __main__ - INFO - 📊 Symbol: XRPUSDT
2026-06-23 01:56:57 - __main__ - INFO - 💰 Total Capital: $1000.0
2026-06-23 01:56:57 - __main__ - INFO - 🎯 Base Position: $100.0
2026-06-23 01:56:57 - __main__ - INFO - 🧪 Testnet Mode: True
2026-06-23 01:56:57 - __main__ - INFO - ============================================================
2026-06-23 01:56:57 - binance_client.rest_client - INFO - Binance client initialized. Testnet mode: True
2026-06-23 01:56:58 - binance_client.rest_client - INFO - API connection successful
2026-06-23 01:56:58 - binance_client.rest_client - ERROR - API Error: APIError(code=-2014): API-key format invalid.
2026-06-23 01:56:58 - binance_client.rest_client - ERROR - Error code: -2014
2026-06-23 01:56:58 - binance_client.rest_client - ERROR - Error message: API-key format invalid.
2026-06-23 01:56:58 - binance_client.rest_client - ERROR - Failed to initialize Binance client: APIError(code=-2014): API-key format invalid.
2026-06-23 01:56:58 - __main__ - ERROR - ❌ Initialization failed: APIError(code=-2014): API-key format invalid.
2026-06-23 01:56:58 - __main__ - ERROR - Failed to initialize bot. Exiting.
2026-06-23 01:57:15 - root - INFO - Logging to file: trading_bot.log
2026-06-23 01:57:15 - __main__ - INFO - ============================================================
2026-06-23 01:57:15 - __main__ - INFO - 🚀 Starting Binance Trading Bot - 2026-06-23 01:57:15
2026-06-23 01:57:15 - __main__ - INFO - 📊 Symbol: BTCUSDT
2026-06-23 01:57:15 - __main__ - INFO - 💰 Total Capital: $1000.0
2026-06-23 01:57:15 - __main__ - INFO - 🎯 Base Position: $100.0
2026-06-23 01:57:15 - __main__ - INFO - 🧪 Testnet Mode: True
2026-06-23 01:57:15 - __main__ - INFO - ============================================================
2026-06-23 01:57:15 - binance_client.rest_client - INFO - Binance client initialized. Testnet mode: True
2026-06-23 01:57:16 - binance_client.rest_client - INFO - API connection successful
2026-06-23 01:57:16 - binance_client.rest_client - ERROR - API Error: APIError(code=-2014): API-key format invalid.
2026-06-23 01:57:16 - binance_client.rest_client - ERROR - Error code: -2014
2026-06-23 01:57:16 - binance_client.rest_client - ERROR - Error message: API-key format invalid.
2026-06-23 01:57:16 - binance_client.rest_client - ERROR - Failed to initialize Binance client: APIError(code=-2014): API-key format invalid.
2026-06-23 01:57:16 - __main__ - ERROR - ❌ Initialization failed: APIError(code=-2014): API-key format invalid.
2026-06-23 01:57:16 - __main__ - ERROR - Failed to initialize bot. Exiting.
2026-06-23 01:58:06 - root - INFO - Logging to file: trading_bot.log
2026-06-23 01:58:06 - __main__ - INFO - ============================================================
2026-06-23 01:58:06 - __main__ - INFO - 🚀 Starting Binance Trading Bot - 2026-06-23 01:58:06
2026-06-23 01:58:06 - __main__ - INFO - 📊 Symbol: BTCUSDT
2026-06-23 01:58:06 - __main__ - INFO - 💰 Total Capital: $1000.0
2026-06-23 01:58:06 - __main__ - INFO - 🎯 Base Position: $100.0
2026-06-23 01:58:06 - __main__ - INFO - 🧪 Testnet Mode: True
2026-06-23 01:58:06 - __main__ - INFO - ============================================================
2026-06-23 01:58:07 - binance_client.rest_client - INFO - Binance client initialized. Testnet mode: True
2026-06-23 01:58:08 - binance_client.rest_client - INFO - API connection successful
2026-06-23 01:58:08 - binance_client.rest_client - INFO - Account verified successfully
2026-06-23 01:58:08 - __main__ - INFO - Step size: 1e-05, Min quantity: 1e-05
2026-06-23 01:58:08 - __main__ - INFO - Tick size: 0.01
2026-06-23 01:58:08 - __main__ - INFO - ✅ Connected to Binance. Current price: $64356.9600
2026-06-23 01:58:08 - binance_client.rest_client - INFO - USDT balance: 7410.8568072
2026-06-23 01:58:08 - __main__ - INFO - 💰 Account USDT Balance: $7410.8568
2026-06-23 01:58:08 - trading.strategy - INFO - 🎯 Reference price set to $64356.96
2026-06-23 01:58:09 - binance_client.rest_client - INFO - Binance client initialized. Testnet mode: True
2026-06-23 01:58:09 - binance_client.rest_client - INFO - API connection successful
2026-06-23 01:58:09 - binance_client.rest_client - INFO - Account verified successfully
2026-06-23 01:58:09 - binance_client.price_poller - INFO - Price poller initialized for BTCUSDT (interval: 1.0s)
2026-06-23 01:58:09 - __main__ - INFO - ✅ Bot initialized successfully
2026-06-23 01:58:09 - __main__ - INFO - 📡 Using REST API polling for price data (interval: 1s)
2026-06-23 01:58:09 - __main__ - INFO - 🔧 Precision: Step=1e-05, Tick=0.01, MinQty=1e-05, MinNotional=$10.0
2026-06-23 01:58:09 - __main__ - INFO - ✅ PID saved to bot.pid: 18192
2026-06-23 01:58:09 - __main__ - INFO - Bot started. Waiting for price updates...
2026-06-23 01:58:09 - binance_client.price_poller - INFO - ✅ Price poller started for BTCUSDT
2026-06-23 01:59:59 - root - INFO - Logging to file: trading_bot.log
2026-06-23 01:59:59 - __main__ - INFO - ============================================================
2026-06-23 01:59:59 - __main__ - INFO - 🚀 Starting Binance Trading Bot - 2026-06-23 01:59:59
2026-06-23 01:59:59 - __main__ - INFO - 📊 Symbol: BTCUSDT
2026-06-23 01:59:59 - __main__ - INFO - 💰 Total Capital: $1000.0
2026-06-23 01:59:59 - __main__ - INFO - 🎯 Base Position: $100.0
2026-06-23 01:59:59 - __main__ - INFO - 🧪 Testnet Mode: True
2026-06-23 01:59:59 - __main__ - INFO - ============================================================
2026-06-23 02:00:00 - binance_client.rest_client - INFO - Binance client initialized. Testnet mode: True
2026-06-23 02:00:00 - binance_client.rest_client - INFO - API connection successful
2026-06-23 02:00:01 - binance_client.rest_client - INFO - Account verified successfully
2026-06-23 02:00:01 - __main__ - INFO - Step size: 1e-05, Min quantity: 1e-05
2026-06-23 02:00:01 - __main__ - INFO - Tick size: 0.01
2026-06-23 02:00:01 - __main__ - INFO - ✅ Connected to Binance. Current price: $64410.4400
2026-06-23 02:00:01 - binance_client.rest_client - INFO - USDT balance: 7410.8568072
2026-06-23 02:00:01 - __main__ - INFO - 💰 Account USDT Balance: $7410.8568
2026-06-23 02:00:01 - trading.strategy - INFO - 🎯 Reference price set to $64410.44
2026-06-23 02:00:02 - binance_client.rest_client - INFO - Binance client initialized. Testnet mode: True
2026-06-23 02:00:02 - binance_client.rest_client - INFO - API connection successful
2026-06-23 02:00:02 - binance_client.rest_client - INFO - Account verified successfully
2026-06-23 02:00:02 - binance_client.price_poller - INFO - Price poller initialized for BTCUSDT (interval: 1.0s)
2026-06-23 02:00:02 - __main__ - INFO - ✅ Bot initialized successfully
2026-06-23 02:00:02 - __main__ - INFO - 📡 Using REST API polling for price data (interval: 1s)
2026-06-23 02:00:02 - __main__ - INFO - 🔧 Precision: Step=1e-05, Tick=0.01, MinQty=1e-05, MinNotional=$10.0
2026-06-23 02:00:02 - __main__ - INFO - ✅ PID saved to bot.pid: 8068
2026-06-23 02:00:02 - __main__ - INFO - Bot started. Waiting for price updates...
2026-06-23 02:00:02 - binance_client.price_poller - INFO - ✅ Price poller started for BTCUSDT
2026-06-23 02:57:56 - trading.strategy - INFO - 📉 DUMP SIGNAL: Level 1 - Drop: 3.17% (Threshold: 2.0%)
2026-06-23 02:57:56 - trading.strategy - INFO -    Reference: $64410.44 → Current: $62369.16
2026-06-23 02:57:56 - __main__ - INFO - [32m🔔 BUY SIGNAL DETECTED - Level 1 @ $62369.1600[0m
2026-06-23 02:57:56 - binance_client.rest_client - INFO - USDT balance: 7410.8568072
2026-06-23 02:57:56 - __main__ - INFO - 💰 Attempting BUY: 0.00160000 BTCUSDT @ $62369.1600
2026-06-23 02:57:57 - binance_client.rest_client - INFO - USDT balance: 7410.8568072
2026-06-23 02:57:57 - trading.strategy - INFO - 💰 Executing BUY Level 1:
2026-06-23 02:57:57 - trading.strategy - INFO -    Amount: $99.79
2026-06-23 02:57:57 - trading.strategy - INFO -    Price: $62369.16
2026-06-23 02:57:57 - trading.strategy - INFO -    Quantity: 0.00160000
2026-06-23 02:57:57 - trading.strategy - INFO -    Order Value: $99.79
2026-06-23 02:57:57 - binance_client.rest_client - INFO - Market order executed: BUY 0.0016 BTCUSDT
2026-06-23 02:57:57 - trading.strategy - INFO - ✅ BUY EXECUTED: Level 1 - 0.00160000 BTCUSDT @ $62369.16
2026-06-23 02:57:57 - trading.strategy - INFO -    Position: 0.00160000 tokens @ $62369.16 avg
2026-06-23 02:57:57 - binance_client.rest_client - INFO - USDT balance: 7311.0661512
2026-06-23 02:58:01 - trading.strategy - INFO - 📉 DUMP SIGNAL: Level 2 - Drop: 5.20% (Threshold: 4.0%)
2026-06-23 02:58:01 - trading.strategy - INFO -    Reference: $64410.44 → Current: $61060.20
2026-06-23 02:58:01 - __main__ - INFO - [32m🔔 BUY SIGNAL DETECTED - Level 2 @ $61060.2000[0m
2026-06-23 02:58:01 - binance_client.rest_client - INFO - USDT balance: 7311.0661512
2026-06-23 02:58:01 - __main__ - INFO - 💰 Attempting BUY: 0.00327000 BTCUSDT @ $61060.2000
2026-06-23 02:58:01 - binance_client.rest_client - INFO - USDT balance: 7311.0661512
2026-06-23 02:58:01 - trading.strategy - INFO - 💰 Executing BUY Level 2:
2026-06-23 02:58:01 - trading.strategy - INFO -    Amount: $199.67
2026-06-23 02:58:01 - trading.strategy - INFO -    Price: $61060.20
2026-06-23 02:58:01 - trading.strategy - INFO -    Quantity: 0.00327000
2026-06-23 02:58:01 - trading.strategy - INFO -    Order Value: $199.67
2026-06-23 02:58:01 - binance_client.rest_client - INFO - Market order executed: BUY 0.00327 BTCUSDT
2026-06-23 02:58:01 - trading.strategy - INFO - ✅ BUY EXECUTED: Level 2 - 0.00327000 BTCUSDT @ $61060.20
2026-06-23 02:58:01 - trading.strategy - INFO -    Position: 0.00487000 tokens @ $61490.25 avg
2026-06-23 02:58:01 - binance_client.rest_client - INFO - USDT balance: 7110.7412033
2026-06-23 02:58:06 - trading.strategy - INFO - 📈 SPIKE SIGNAL: Level 1 - Spike: 2.19% (Threshold: 2.0%)
2026-06-23 02:58:06 - trading.strategy - INFO -    Avg Cost: $61490.25 → Current: $62839.87
2026-06-23 02:58:06 - __main__ - INFO - [33m🔔 SELL SIGNAL DETECTED - Level 1 @ $62839.8700[0m
2026-06-23 02:58:06 - __main__ - INFO - 💰 Attempting SELL: 0.00121000 BTCUSDT @ $62839.8700
2026-06-23 02:58:06 - trading.strategy - INFO - 💰 Executing SELL Level 1:
2026-06-23 02:58:06 - trading.strategy - INFO -    Percentage: 25.0% of position
2026-06-23 02:58:06 - trading.strategy - INFO -    Quantity: 0.00121000
2026-06-23 02:58:06 - trading.strategy - INFO -    Price: $62839.87
2026-06-23 02:58:06 - trading.strategy - INFO -    Expected Profit: $1.63
2026-06-23 02:58:06 - binance_client.rest_client - INFO - Market order executed: SELL 0.00121 BTCUSDT
2026-06-23 02:58:06 - trading.strategy - INFO - ✅ SELL EXECUTED: Level 1 - 0.00121000 BTCUSDT @ $62839.87
2026-06-23 02:58:06 - trading.strategy - INFO -    Profit on this sale: $1.63
2026-06-23 02:58:06 - binance_client.rest_client - INFO - USDT balance: 7186.777446
2026-06-23 02:58:18 - trading.strategy - INFO - 📈 SPIKE SIGNAL: Level 2 - Spike: 4.58% (Threshold: 4.0%)
2026-06-23 02:58:18 - trading.strategy - INFO -    Avg Cost: $61490.25 → Current: $64308.30
2026-06-23 02:58:18 - __main__ - INFO - [33m🔔 SELL SIGNAL DETECTED - Level 2 @ $64308.3000[0m
2026-06-23 02:58:18 - __main__ - INFO - 💰 Attempting SELL: 0.00091000 BTCUSDT @ $64308.3000
2026-06-23 02:58:18 - trading.strategy - INFO - 💰 Executing SELL Level 2:
2026-06-23 02:58:18 - trading.strategy - INFO -    Percentage: 25.0% of position
2026-06-23 02:58:18 - trading.strategy - INFO -    Quantity: 0.00091000
2026-06-23 02:58:18 - trading.strategy - INFO -    Price: $64308.30
2026-06-23 02:58:18 - trading.strategy - INFO -    Expected Profit: $2.56
2026-06-23 02:58:18 - binance_client.rest_client - INFO - Market order executed: SELL 0.00091 BTCUSDT
2026-06-23 02:58:18 - trading.strategy - INFO - ✅ SELL EXECUTED: Level 2 - 0.00091000 BTCUSDT @ $64308.30
2026-06-23 02:58:18 - trading.strategy - INFO -    Profit on this sale: $2.56
2026-06-23 02:58:18 - binance_client.rest_client - INFO - USDT balance: 7245.297999
